15-09-30 09:15:00 AM	48.92	18.61
15-09-30 09:30:00 AM	48.92	18.63
15-09-30 09:45:00 AM	49.09	18.63
15-09-30 10:00:00 AM	49.09	18.63
15-09-30 10:15:00 AM	49.25	18.64
15-09-30 10:30:00 AM	49.42	18.64
15-09-30 10:45:00 AM	49.41	18.67
15-09-30 11:00:00 AM	49.25	18.64
15-09-30 11:15:00 AM	49.5	18.66
15-09-30 11:30:00 AM	49.42	18.64
15-09-30 11:45:00 AM	49.75	18.64
15-09-30 12:00:00 PM	50.08	18.61
15-09-30 12:15:00 PM	50.08	18.6
15-09-30 12:30:00 PM	49.91	18.6
15-09-30 12:45:00 PM	49.83	18.6
15-09-30 01:00:00 PM	50.25	18.59
15-09-30 01:15:00 PM	50.25	18.59
15-09-30 01:30:00 PM	50.16	18.61
15-09-30 01:45:00 PM	50.08	18.61
15-09-30 02:00:00 PM	50.16	18.66
15-09-30 02:15:00 PM	50.16	18.7
15-09-30 02:30:00 PM	50.16	18.71
15-09-30 02:45:00 PM	50.24	18.71
15-09-30 03:00:00 PM	50.24	18.74
15-09-30 03:15:00 PM	50.16	18.67
15-09-30 03:30:00 PM	50.24	18.67
15-09-30 03:45:00 PM	50.08	18.67
15-09-30 04:00:00 PM	50.08	18.64
15-09-30 04:15:00 PM	50	18.63
15-09-30 04:30:00 PM	50.08	18.6
15-09-30 04:45:00 PM	50.16	18.61
15-09-30 05:00:00 PM	50.08	18.61
15-09-30 05:15:00 PM	50.24	18.63
15-09-30 05:30:00 PM	50	18.6
15-09-30 05:45:00 PM	50.08	18.61
15-09-30 06:00:00 PM	50.08	18.59
15-09-30 06:15:00 PM	50	18.59
15-09-30 06:30:00 PM	50.08	18.54
15-09-30 06:45:00 PM	50	18.54
15-09-30 07:00:00 PM	50	18.54
15-09-30 07:15:00 PM	49.92	18.5
15-09-30 07:30:00 PM	49.92	18.49
15-09-30 07:45:00 PM	49.92	18.49
15-09-30 08:00:00 PM	50	18.49
15-09-30 08:15:00 PM	50	18.47
15-09-30 08:30:00 PM	50	18.46
15-09-30 08:45:00 PM	50.01	18.44
15-09-30 09:00:00 PM	50.01	18.43
15-09-30 09:15:00 PM	49.92	18.42
15-09-30 09:30:00 PM	49.92	18.4
15-09-30 09:45:00 PM	50.01	18.37
15-09-30 10:00:00 PM	49.93	18.36
15-09-30 10:15:00 PM	49.84	18.35
15-09-30 10:30:00 PM	49.85	18.33
15-09-30 10:45:00 PM	49.85	18.3
15-09-30 11:00:00 PM	49.85	18.26
15-09-30 11:15:00 PM	49.85	18.25
15-09-30 11:30:00 PM	49.77	18.22
15-09-30 11:45:00 PM	49.69	18.19
15-10-01 12:00:00 AM	49.77	18.16
15-10-01 12:15:00 AM	49.69	18.15
15-10-01 12:30:00 AM	49.69	18.12
15-10-01 12:45:00 AM	49.69	18.09
15-10-01 01:00:00 AM	49.53	18.08
15-10-01 01:15:00 AM	49.45	18.04
15-10-01 01:30:00 AM	49.53	18.02
15-10-01 01:45:00 AM	49.45	18.01
15-10-01 02:00:00 AM	49.37	17.99
15-10-01 02:15:00 AM	49.45	17.95
15-10-01 02:30:00 AM	49.37	17.92
15-10-01 02:45:00 AM	49.37	17.91
15-10-01 03:00:00 AM	49.37	17.88
15-10-01 03:15:00 AM	49.37	17.85
15-10-01 03:30:00 AM	49.29	17.84
15-10-01 03:45:00 AM	49.29	17.81
15-10-01 04:00:00 AM	49.29	17.8
15-10-01 04:15:00 AM	49.3	17.76
15-10-01 04:30:00 AM	49.3	17.74
15-10-01 04:45:00 AM	49.3	17.73
15-10-01 05:00:00 AM	49.3	17.7
15-10-01 05:15:00 AM	49.3	17.67
15-10-01 05:30:00 AM	49.38	17.64
15-10-01 05:45:00 AM	49.3	17.63
15-10-01 06:00:00 AM	49.3	17.6
15-10-01 06:15:00 AM	49.22	17.56
15-10-01 06:30:00 AM	49.14	17.52
15-10-01 06:45:00 AM	49.06	17.5
15-10-01 07:00:00 AM	49.06	17.49
15-10-01 07:15:00 AM	48.98	17.45
15-10-01 07:30:00 AM	49.06	17.43
15-10-01 07:45:00 AM	48.98	17.4
15-10-01 08:00:00 AM	48.98	17.38
15-10-01 08:15:00 AM	48.82	17.36
15-10-01 08:30:00 AM	48.82	17.35
15-10-01 08:45:00 AM	48.9	17.33
15-10-01 09:00:00 AM	48.74	17.33
15-10-01 09:15:00 AM	48.74	17.32
15-10-01 09:30:00 AM	48.74	17.31
15-10-01 09:45:00 AM	48.74	17.29
15-10-01 10:00:00 AM	48.66	17.32
15-10-01 10:15:00 AM	48.66	17.32
15-10-01 10:30:00 AM	48.66	17.31
15-10-01 10:45:00 AM	48.74	17.31
15-10-01 11:00:00 AM	48.74	17.28
15-10-01 11:15:00 AM	48.74	17.29
15-10-01 11:30:00 AM	48.74	17.28
15-10-01 11:45:00 AM	48.74	17.31
15-10-01 12:00:00 PM	48.82	17.28
15-10-01 12:15:00 PM	48.66	17.26
15-10-01 12:30:00 PM	48.66	17.28
15-10-01 12:45:00 PM	48.66	17.31
15-10-01 01:00:00 PM	48.58	17.26
15-10-01 01:15:00 PM	48.49	17.23
15-10-01 01:30:00 PM	48.41	17.23
15-10-01 01:45:00 PM	48.5	17.19
15-10-01 02:00:00 PM	48.41	17.18
15-10-01 02:15:00 PM	48.41	17.19
15-10-01 02:30:00 PM	48.5	17.19
15-10-01 02:45:00 PM	48.5	17.18
15-10-01 03:00:00 PM	48.58	17.18
15-10-01 03:15:00 PM	48.66	17.18
15-10-01 03:30:00 PM	48.58	17.18
15-10-01 03:45:00 PM	48.58	17.18
15-10-01 04:00:00 PM	48.58	17.16
15-10-01 04:15:00 PM	48.58	17.18
15-10-01 04:30:00 PM	48.58	17.16
15-10-01 04:45:00 PM	48.58	17.16
15-10-01 05:00:00 PM	48.5	17.18
15-10-01 05:15:00 PM	48.58	17.18
15-10-01 05:30:00 PM	48.5	17.16
15-10-01 05:45:00 PM	48.5	17.14
15-10-01 06:00:00 PM	48.42	17.11
15-10-01 06:15:00 PM	48.34	17.08
15-10-01 06:30:00 PM	48.25	17.05
15-10-01 06:45:00 PM	48.26	17.02
15-10-01 07:00:00 PM	48.34	17
15-10-01 07:15:00 PM	48.34	17
15-10-01 07:30:00 PM	48.26	16.97
15-10-01 07:45:00 PM	48.26	16.95
15-10-01 08:00:00 PM	48.18	16.93
15-10-01 08:15:00 PM	48.26	16.93
15-10-01 08:30:00 PM	48.26	16.9
15-10-01 08:45:00 PM	48.1	16.88
15-10-01 09:00:00 PM	48.01	16.88
15-10-01 09:15:00 PM	48.1	16.86
15-10-01 09:30:00 PM	48.18	16.84
15-10-01 09:45:00 PM	48.27	16.83
15-10-01 10:00:00 PM	48.18	16.8
15-10-01 10:15:00 PM	48.27	16.8
15-10-01 10:30:00 PM	48.35	16.77
15-10-01 10:45:00 PM	48.27	16.76
15-10-01 11:00:00 PM	48.35	16.73
15-10-01 11:15:00 PM	48.44	16.71
15-10-01 11:30:00 PM	48.27	16.67
15-10-01 11:45:00 PM	48.36	16.66
15-10-02 12:00:00 AM	48.44	16.64
15-10-02 12:15:00 AM	48.53	16.6
15-10-02 12:30:00 AM	48.28	16.59
15-10-02 12:45:00 AM	48.28	16.56
15-10-02 01:00:00 AM	48.36	16.53
15-10-02 01:15:00 AM	48.45	16.52
15-10-02 01:30:00 AM	48.45	16.49
15-10-02 01:45:00 AM	48.45	16.48
15-10-02 02:00:00 AM	48.28	16.45
15-10-02 02:15:00 AM	48.29	16.43
15-10-02 02:30:00 AM	48.29	16.4
15-10-02 02:45:00 AM	48.37	16.39
15-10-02 03:00:00 AM	48.37	16.36
15-10-02 03:15:00 AM	48.54	16.36
15-10-02 03:30:00 AM	48.62	16.35
15-10-02 03:45:00 AM	48.7	16.33
15-10-02 04:00:00 AM	48.79	16.32
15-10-02 04:15:00 AM	48.79	16.29
15-10-02 04:30:00 AM	48.87	16.26
15-10-02 04:45:00 AM	49.12	16.26
15-10-02 05:00:00 AM	49.04	16.24
15-10-02 05:15:00 AM	49.13	16.22
15-10-02 05:30:00 AM	49.04	16.21
15-10-02 05:45:00 AM	48.96	16.17
15-10-02 06:00:00 AM	48.63	16.14
15-10-02 06:15:00 AM	48.63	16.11
15-10-02 06:30:00 AM	48.39	16.1
15-10-02 06:45:00 AM	48.3	16.07
15-10-02 07:00:00 AM	48.22	16.05
15-10-02 07:15:00 AM	48.31	16.03
15-10-02 07:30:00 AM	48.14	16
15-10-02 07:45:00 AM	48.22	15.98
15-10-02 08:00:00 AM	48.14	15.97
15-10-02 08:15:00 AM	47.98	15.95
15-10-02 08:30:00 AM	47.98	15.94
15-10-02 08:45:00 AM	47.98	15.93
15-10-02 09:00:00 AM	47.98	15.93
15-10-02 09:15:00 AM	48.14	15.93
15-10-02 09:30:00 AM	48.06	15.9
15-10-02 09:45:00 AM	48.31	15.88
15-10-02 10:00:00 AM	48.23	15.88
15-10-02 10:15:00 AM	47.98	15.87
15-10-02 10:30:00 AM	48.06	15.88
15-10-02 10:45:00 AM	47.98	15.87
15-10-02 11:00:00 AM	48.06	15.88
15-10-02 11:15:00 AM	47.9	15.86
15-10-02 11:30:00 AM	47.9	15.86
15-10-02 11:45:00 AM	47.82	15.84
15-10-02 12:00:00 PM	47.73	15.83
15-10-02 12:15:00 PM	47.73	15.83
15-10-02 12:30:00 PM	63.64	15.81
15-10-02 12:45:00 PM	55.3	15.8
15-10-02 01:00:00 PM	55.13	15.76
15-10-02 01:15:00 PM	55.55	15.72
15-10-02 01:30:00 PM	55.72	15.72
15-10-02 01:45:00 PM	54.05	15.72
15-10-02 02:00:00 PM	55.89	15.69
15-10-02 02:15:00 PM	55.06	15.66
15-10-02 02:30:00 PM	53.89	15.66
15-10-02 02:45:00 PM	54.47	15.65
15-10-02 03:00:00 PM	54.31	15.65
15-10-02 03:15:00 PM	53.89	15.65
15-10-02 03:30:00 PM	53.56	15.6
15-10-02 03:45:00 PM	56.31	15.6
15-10-02 04:00:00 PM	53.89	15.59
15-10-02 04:15:00 PM	52.48	15.57
15-10-02 04:30:00 PM	55.73	15.56
15-10-02 04:45:00 PM	56.06	15.5
15-10-02 05:00:00 PM	54.65	15.5
15-10-02 05:15:00 PM	56.23	15.49
15-10-02 05:30:00 PM	55.23	15.48
15-10-02 05:45:00 PM	54.32	15.45
15-10-02 06:00:00 PM	56.49	15.42
15-10-02 06:15:00 PM	55.4	15.41
15-10-02 06:30:00 PM	56.32	15.35
15-10-02 06:45:00 PM	53.08	15.34
15-10-02 07:00:00 PM	54.49	15.31
15-10-02 07:15:00 PM	54.25	15.27
15-10-02 07:30:00 PM	55.33	15.24
15-10-02 07:45:00 PM	69.96	15.22
15-10-02 08:00:00 PM	64.68	15.21
15-10-02 08:15:00 PM	63.09	15.2
15-10-02 08:30:00 PM	69.62	15.18
15-10-02 08:45:00 PM	68.7	15.17
15-10-02 09:00:00 PM	95.68	15.15
15-10-02 09:15:00 PM	100.43	15.12
15-10-02 09:30:00 PM	64.52	15.08
15-10-02 09:45:00 PM	46.86	15.08
15-10-02 10:00:00 PM	46.94	15.05
15-10-02 10:15:00 PM	47.03	15.04
15-10-02 10:30:00 PM	47.03	15.03
15-10-02 10:45:00 PM	47.28	15.03
15-10-02 11:00:00 PM	47.36	14.98
15-10-02 11:15:00 PM	47.44	14.98
15-10-02 11:30:00 PM	47.45	14.96
15-10-02 11:45:00 PM	47.45	14.96
15-10-03 12:00:00 AM	47.53	14.94
15-10-03 12:15:00 AM	47.45	14.91
15-10-03 12:30:00 AM	47.61	14.93
15-10-03 12:45:00 AM	47.53	14.9
15-10-03 01:00:00 AM	47.2	14.87
15-10-03 01:15:00 AM	47.12	14.86
15-10-03 01:30:00 AM	47.12	14.84
15-10-03 01:45:00 AM	47.12	14.84
15-10-03 02:00:00 AM	47.12	14.79
15-10-03 02:15:00 AM	47.12	14.79
15-10-03 02:30:00 AM	47.12	14.77
15-10-03 02:45:00 AM	46.96	14.76
15-10-03 03:00:00 AM	46.71	14.72
15-10-03 03:15:00 AM	46.63	14.7
15-10-03 03:30:00 AM	46.55	14.7
15-10-03 03:45:00 AM	46.55	14.67
15-10-03 04:00:00 AM	46.46	14.65
15-10-03 04:15:00 AM	46.46	14.65
15-10-03 04:30:00 AM	46.47	14.6
15-10-03 04:45:00 AM	46.38	14.6
15-10-03 05:00:00 AM	46.3	14.59
15-10-03 05:15:00 AM	46.22	14.59
15-10-03 05:30:00 AM	46.39	14.58
15-10-03 05:45:00 AM	46.22	14.55
15-10-03 06:00:00 AM	46.14	14.52
15-10-03 06:15:00 AM	46.06	14.52
15-10-03 06:30:00 AM	46.06	14.49
15-10-03 06:45:00 AM	45.98	14.46
15-10-03 07:00:00 AM	46.14	14.46
15-10-03 07:15:00 AM	46.14	14.45
15-10-03 07:30:00 AM	46.06	14.42
15-10-03 07:45:00 AM	45.98	14.41
15-10-03 08:00:00 AM	45.4	14.34
15-10-03 08:15:00 AM	45.48	14.38
15-10-03 08:30:00 AM	45.57	14.35
15-10-03 08:45:00 AM	45.57	14.34
15-10-03 09:00:00 AM	45.32	14.32
15-10-03 09:15:00 AM	45.4	14.31
15-10-03 09:30:00 AM	50.8	14.31
15-10-03 09:45:00 AM	51.3	14.32
15-10-03 10:00:00 AM	50.72	14.31
15-10-03 10:15:00 AM	51.47	14.31
15-10-03 10:30:00 AM	50.22	14.31
15-10-03 10:45:00 AM	49.47	14.29
15-10-03 11:00:00 AM	51.55	14.28
15-10-03 11:15:00 AM	50.3	14.29
15-10-03 11:30:00 AM	49.8	14.31
15-10-03 11:45:00 AM	50.47	14.27
15-10-03 12:00:00 PM	50.31	14.27
15-10-03 12:15:00 PM	50.47	14.25
15-10-03 12:30:00 PM	50.06	14.21
15-10-03 12:45:00 PM	51.06	14.24
15-10-03 01:00:00 PM	49.81	14.24
15-10-03 01:15:00 PM	51.47	14.24
15-10-03 01:30:00 PM	52.06	14.21
15-10-03 01:45:00 PM	51.89	14.2
15-10-03 02:00:00 PM	52.39	14.2
15-10-03 02:15:00 PM	51.06	14.17
15-10-03 02:30:00 PM	50.73	14.17
15-10-03 02:45:00 PM	52.56	14.14
15-10-03 03:00:00 PM	49.4	14.08
15-10-03 03:15:00 PM	51.4	14.07
15-10-03 03:30:00 PM	51.07	14.04
15-10-03 03:45:00 PM	50.9	14.03
15-10-03 04:00:00 PM	51.48	14.03
15-10-03 04:15:00 PM	51.57	13.99
15-10-03 04:30:00 PM	51.4	13.97
15-10-03 04:45:00 PM	50.16	13.96
15-10-03 05:00:00 PM	50.32	13.93
15-10-03 05:15:00 PM	49.82	13.93
15-10-03 05:30:00 PM	50.99	13.91
15-10-03 05:45:00 PM	50.58	13.89
15-10-03 06:00:00 PM	50.83	13.86
15-10-03 06:15:00 PM	49.5	13.86
15-10-03 06:30:00 PM	49.75	13.84
15-10-03 06:45:00 PM	49.83	13.83
15-10-03 07:00:00 PM	50.41	13.82
15-10-03 07:15:00 PM	50.83	13.82
15-10-03 07:30:00 PM	53.24	13.82
15-10-03 07:45:00 PM	53.74	13.8
15-10-03 08:00:00 PM	55.08	13.79
15-10-03 08:15:00 PM	43.93	13.77
15-10-03 08:30:00 PM	43.93	13.76
15-10-03 08:45:00 PM	43.93	13.76
15-10-03 09:00:00 PM	43.85	13.73
15-10-03 09:15:00 PM	43.94	13.72
15-10-03 09:30:00 PM	43.85	13.72
15-10-03 09:45:00 PM	43.77	13.69
15-10-03 10:00:00 PM	43.77	13.69
15-10-03 10:15:00 PM	43.85	13.69
15-10-03 10:30:00 PM	43.77	13.69
15-10-03 10:45:00 PM	43.69	13.68
15-10-03 11:00:00 PM	43.77	13.65
15-10-03 11:15:00 PM	43.77	13.65
15-10-03 11:30:00 PM	43.77	13.65
15-10-03 11:45:00 PM	43.77	13.62
15-10-04 12:00:00 AM	43.77	13.62
15-10-04 12:15:00 AM	43.69	13.61
15-10-04 12:30:00 AM	43.69	13.61
15-10-04 12:45:00 AM	43.69	13.59
15-10-04 01:00:00 AM	43.69	13.56
15-10-04 01:15:00 AM	43.61	13.55
15-10-04 01:30:00 AM	43.61	13.55
15-10-04 01:45:00 AM	43.61	13.55
15-10-04 02:00:00 AM	43.61	13.55
15-10-04 02:15:00 AM	43.53	13.54
15-10-04 02:30:00 AM	43.7	13.52
15-10-04 02:45:00 AM	43.61	13.51
15-10-04 03:00:00 AM	43.61	13.51
15-10-04 03:15:00 AM	43.61	13.49
15-10-04 03:30:00 AM	43.61	13.49
15-10-04 03:45:00 AM	43.62	13.48
15-10-04 04:00:00 AM	43.53	13.46
15-10-04 04:15:00 AM	43.53	13.45
15-10-04 04:30:00 AM	43.53	13.44
15-10-04 04:45:00 AM	43.53	13.42
15-10-04 05:00:00 AM	43.45	13.42
15-10-04 05:15:00 AM	43.54	13.41
15-10-04 05:30:00 AM	43.45	13.39
15-10-04 05:45:00 AM	43.45	13.38
15-10-04 06:00:00 AM	43.45	13.39
15-10-04 06:15:00 AM	43.45	13.37
15-10-04 06:30:00 AM	43.45	13.35
15-10-04 06:45:00 AM	43.46	13.34
15-10-04 07:00:00 AM	43.37	13.32
15-10-04 07:15:00 AM	43.37	13.34
15-10-04 07:30:00 AM	43.37	13.32
15-10-04 07:45:00 AM	43.37	13.34
15-10-04 08:00:00 AM	43.37	13.32
15-10-04 08:15:00 AM	43.46	13.34
15-10-04 08:30:00 AM	43.29	13.31
15-10-04 08:45:00 AM	43.37	13.32
15-10-04 09:00:00 AM	43.37	13.32
15-10-04 09:15:00 AM	43.37	13.31
15-10-04 09:30:00 AM	43.37	13.32
15-10-04 09:45:00 AM	43.46	13.34
15-10-04 10:00:00 AM	43.37	13.37
15-10-04 10:15:00 AM	43.37	13.37
15-10-04 10:30:00 AM	43.37	13.35
15-10-04 10:45:00 AM	43.45	13.38
15-10-04 11:00:00 AM	43.45	13.41
15-10-04 11:15:00 AM	43.53	13.45
15-10-04 11:30:00 AM	43.53	13.46
15-10-04 11:45:00 AM	43.61	13.52
15-10-04 12:00:00 PM	43.61	13.54
15-10-04 12:15:00 PM	43.61	13.54
15-10-04 12:30:00 PM	43.61	13.55
15-10-04 12:45:00 PM	43.69	13.59
15-10-04 01:00:00 PM	43.61	13.58
15-10-04 01:15:00 PM	43.69	13.56
15-10-04 01:30:00 PM	43.61	13.56
15-10-04 01:45:00 PM	43.61	13.56
15-10-04 02:00:00 PM	43.69	13.62
15-10-04 02:15:00 PM	43.77	13.66
15-10-04 02:30:00 PM	43.85	13.69
15-10-04 02:45:00 PM	43.77	13.72
15-10-04 03:00:00 PM	43.85	13.72
15-10-04 03:15:00 PM	43.85	13.75
15-10-04 03:30:00 PM	43.85	13.73
15-10-04 03:45:00 PM	43.86	13.68
15-10-04 04:00:00 PM	43.86	13.65
15-10-04 04:15:00 PM	43.77	13.69
15-10-04 04:30:00 PM	43.94	13.72
15-10-04 04:45:00 PM	43.85	13.72
15-10-04 05:00:00 PM	43.77	13.65
15-10-04 05:15:00 PM	43.69	13.59
15-10-04 05:30:00 PM	43.78	13.56
15-10-04 05:45:00 PM	43.7	13.54
15-10-04 06:00:00 PM	43.7	13.52
15-10-04 06:15:00 PM	43.61	13.49
15-10-04 06:30:00 PM	43.7	13.46
15-10-04 06:45:00 PM	43.62	13.44
15-10-04 07:00:00 PM	43.62	13.41
15-10-04 07:15:00 PM	43.54	13.35
15-10-04 07:30:00 PM	43.46	13.31
15-10-04 07:45:00 PM	43.46	13.28
15-10-04 08:00:00 PM	43.38	13.27
15-10-04 08:15:00 PM	43.38	13.25
15-10-04 08:30:00 PM	43.38	13.24
15-10-04 08:45:00 PM	43.38	13.21
15-10-04 09:00:00 PM	43.38	13.2
15-10-04 09:15:00 PM	43.3	13.17
15-10-04 09:30:00 PM	43.3	13.16
15-10-04 09:45:00 PM	43.22	13.13
15-10-04 10:00:00 PM	43.22	13.11
15-10-04 10:15:00 PM	43.22	13.1
15-10-04 10:30:00 PM	43.22	13.08
15-10-04 10:45:00 PM	43.22	13.08
15-10-04 11:00:00 PM	43.14	13.06
15-10-04 11:15:00 PM	43.22	13.04
15-10-04 11:30:00 PM	43.22	13.03
15-10-04 11:45:00 PM	43.14	13.01
15-10-05 12:00:00 AM	43.22	12.99
15-10-05 12:15:00 AM	43.06	12.97
15-10-05 12:30:00 AM	43.06	12.96
15-10-05 12:45:00 AM	43.06	12.93
15-10-05 01:00:00 AM	43.06	12.93
15-10-05 01:15:00 AM	43.06	12.92
15-10-05 01:30:00 AM	43.06	12.92
15-10-05 01:45:00 AM	43.06	12.9
15-10-05 02:00:00 AM	43.06	12.9
15-10-05 02:15:00 AM	43.06	12.89
15-10-05 02:30:00 AM	42.98	12.87
15-10-05 02:45:00 AM	43.06	12.87
15-10-05 03:00:00 AM	43.06	12.87
15-10-05 03:15:00 AM	42.98	12.86
15-10-05 03:30:00 AM	43.06	12.85
15-10-05 03:45:00 AM	42.98	12.82
15-10-05 04:00:00 AM	42.9	12.82
15-10-05 04:15:00 AM	42.98	12.83
15-10-05 04:30:00 AM	42.98	12.82
15-10-05 04:45:00 AM	42.98	12.8
15-10-05 05:00:00 AM	42.9	12.8
15-10-05 05:15:00 AM	42.98	12.79
15-10-05 05:30:00 AM	42.9	12.78
15-10-05 05:45:00 AM	42.98	12.78
15-10-05 06:00:00 AM	42.9	12.78
15-10-05 06:15:00 AM	42.98	12.76
15-10-05 06:30:00 AM	42.9	12.76
15-10-05 06:45:00 AM	42.9	12.75
15-10-05 07:00:00 AM	42.9	12.75
15-10-05 07:15:00 AM	42.98	12.75
15-10-05 07:30:00 AM	42.9	12.73
15-10-05 07:45:00 AM	42.9	12.73
15-10-05 08:00:00 AM	42.82	12.73
15-10-05 08:15:00 AM	42.9	12.75
15-10-05 08:30:00 AM	42.98	12.76
15-10-05 08:45:00 AM	42.9	12.78
15-10-05 09:00:00 AM	42.9	12.8
15-10-05 09:15:00 AM	42.98	12.83
15-10-05 09:30:00 AM	43.22	12.94
15-10-05 09:45:00 AM	43.14	13.06
15-10-05 10:00:00 AM	43.38	13.17
15-10-05 10:15:00 AM	43.46	13.27
15-10-05 10:30:00 AM	43.54	13.28
15-10-05 10:45:00 AM	43.54	13.32
15-10-05 11:00:00 AM	43.62	13.31
15-10-05 11:15:00 AM	43.54	13.27
15-10-05 11:30:00 AM	43.78	13.44
15-10-05 11:45:00 AM	44.42	14.08
15-10-05 12:00:00 PM	44.58	14.24
15-10-05 12:15:00 PM	44.97	14.59
15-10-05 12:30:00 PM	45.45	14.97
15-10-05 12:45:00 PM	46.09	15.5
15-10-05 01:00:00 PM	46.89	16.11
15-10-05 01:15:00 PM	47.53	16.69
15-10-05 01:30:00 PM	47.21	16.48
15-10-05 01:45:00 PM	47.21	16.38
15-10-05 02:00:00 PM	46.82	15.95
15-10-05 02:15:00 PM	47.69	16.74
15-10-05 02:30:00 PM	48.17	17.16
15-10-05 02:45:00 PM	48.01	16.98
15-10-05 03:00:00 PM	47.69	16.73
15-10-05 03:15:00 PM	47.85	16.86
15-10-05 03:30:00 PM	47.69	16.73
15-10-05 03:45:00 PM	47.29	16.43
15-10-05 04:00:00 PM	47.21	16.35
15-10-05 04:15:00 PM	47.37	16.52
15-10-05 04:30:00 PM	47.22	16.26
15-10-05 04:45:00 PM	46.9	16.01
15-10-05 05:00:00 PM	46.65	15.9
15-10-05 05:15:00 PM	46.57	15.87
15-10-05 05:30:00 PM	46.41	15.79
15-10-05 05:45:00 PM	46.25	15.7
15-10-05 06:00:00 PM	46.33	15.69
15-10-05 06:15:00 PM	46.5	15.73
15-10-05 06:30:00 PM	46.33	15.69
15-10-05 06:45:00 PM	46.25	15.63
15-10-05 07:00:00 PM	46.25	15.6
15-10-05 07:15:00 PM	46.25	15.66
15-10-05 07:30:00 PM	46.33	15.77
15-10-05 07:45:00 PM	46.33	15.74
15-10-05 08:00:00 PM	46.25	15.65
15-10-05 08:15:00 PM	46.09	15.48
15-10-05 08:30:00 PM	46.02	15.35
15-10-05 08:45:00 PM	45.77	15.29
15-10-05 09:00:00 PM	45.69	15.21
15-10-05 09:15:00 PM	45.61	15.17
15-10-05 09:30:00 PM	45.37	15.05
15-10-05 09:45:00 PM	45.12	14.93
15-10-05 10:00:00 PM	45.05	14.84
15-10-05 10:15:00 PM	44.88	14.74
15-10-05 10:30:00 PM	44.81	14.66
15-10-05 10:45:00 PM	44.73	14.58
15-10-05 11:00:00 PM	44.65	14.53
15-10-05 11:15:00 PM	44.56	14.52
15-10-05 11:30:00 PM	44.56	14.48
15-10-05 11:45:00 PM	44.57	14.44
15-10-06 12:00:00 AM	44.4	14.41
15-10-06 12:15:00 AM	44.4	14.37
15-10-06 12:30:00 AM	44.41	14.32
15-10-06 12:45:00 AM	44.24	14.25
15-10-06 01:00:00 AM	44.25	14.2
15-10-06 01:15:00 AM	44.33	14.17
15-10-06 01:30:00 AM	44.17	14.13
15-10-06 01:45:00 AM	44.08	14.11
15-10-06 02:00:00 AM	44	14.07
15-10-06 02:15:00 AM	43.92	14.01
15-10-06 02:30:00 AM	43.84	13.97
15-10-06 02:45:00 AM	43.76	13.96
15-10-06 03:00:00 AM	43.68	13.91
15-10-06 03:15:00 AM	43.68	13.84
15-10-06 03:30:00 AM	43.6	13.8
15-10-06 03:45:00 AM	43.52	13.8
15-10-06 04:00:00 AM	43.52	13.75
15-10-06 04:15:00 AM	43.52	13.7
15-10-06 04:30:00 AM	43.44	13.65
15-10-06 04:45:00 AM	43.36	13.59
15-10-06 05:00:00 AM	43.36	13.55
15-10-06 05:15:00 AM	43.36	13.51
15-10-06 05:30:00 AM	43.28	13.48
15-10-06 05:45:00 AM	43.12	13.46
15-10-06 06:00:00 AM	43.29	13.44
15-10-06 06:15:00 AM	43.2	13.39
15-10-06 06:30:00 AM	43.12	13.39
15-10-06 06:45:00 AM	43.21	13.37
15-10-06 07:00:00 AM	43.21	13.34
15-10-06 07:15:00 AM	43.29	13.31
15-10-06 07:30:00 AM	43.21	13.31
15-10-06 07:45:00 AM	43.21	13.28
15-10-06 08:00:00 AM	43.21	13.25
15-10-06 08:15:00 AM	43.05	13.21
15-10-06 08:30:00 AM	43.05	13.2
15-10-06 08:45:00 AM	43.13	13.2
15-10-06 09:00:00 AM	43.13	13.2
15-10-06 09:15:00 AM	43.13	13.21
15-10-06 09:30:00 AM	43.21	13.31
15-10-06 09:45:00 AM	43.45	13.54
15-10-06 10:00:00 AM	43.69	13.76
15-10-06 10:15:00 AM	47.66	13.99
15-10-06 10:30:00 AM	46.57	14.25
15-10-06 10:45:00 AM	46.47	14.51
15-10-06 11:00:00 AM	46.88	14.67
15-10-06 11:15:00 AM	45.04	15
15-10-06 11:30:00 AM	45.6	15.43
15-10-06 11:45:00 AM	45.51	15.57
15-10-06 12:00:00 PM	45.51	15.57
15-10-06 12:15:00 PM	45.83	15.7
15-10-06 12:30:00 PM	45.67	15.63
15-10-06 12:45:00 PM	45.36	15.28
15-10-06 01:00:00 PM	45.6	15.39
15-10-06 01:15:00 PM	45.44	15.28
15-10-06 01:30:00 PM	45.84	15.52
15-10-06 01:45:00 PM	46.08	15.69
15-10-06 02:00:00 PM	46.24	15.91
15-10-06 02:15:00 PM	46.64	16.22
15-10-06 02:30:00 PM	46.8	16.33
15-10-06 02:45:00 PM	46.57	15.97
15-10-06 03:00:00 PM	46.01	15.5
15-10-06 03:15:00 PM	45.77	15.25
15-10-06 03:30:00 PM	45.13	14.73
15-10-06 03:45:00 PM	44.98	14.55
15-10-06 04:00:00 PM	45.22	14.69
15-10-06 04:15:00 PM	45.14	14.59
15-10-06 04:30:00 PM	44.9	14.41
15-10-06 04:45:00 PM	44.9	14.38
15-10-06 05:00:00 PM	44.82	14.37
15-10-06 05:15:00 PM	44.91	14.29
15-10-06 05:30:00 PM	44.74	14.2
15-10-06 05:45:00 PM	44.83	14.15
15-10-06 06:00:00 PM	44.58	14.08
15-10-06 06:15:00 PM	44.66	14.15
15-10-06 06:30:00 PM	44.66	14.17
15-10-06 06:45:00 PM	44.66	14.21
15-10-06 07:00:00 PM	44.66	14.25
15-10-06 07:15:00 PM	44.74	14.22
15-10-06 07:30:00 PM	44.58	14.15
15-10-06 07:45:00 PM	44.58	14.11
15-10-06 08:00:00 PM	44.42	14.01
15-10-06 08:15:00 PM	44.26	13.91
15-10-06 08:30:00 PM	44.35	13.84
15-10-06 08:45:00 PM	44.35	13.76
15-10-06 09:00:00 PM	44.27	13.68
15-10-06 09:15:00 PM	44.19	13.61
15-10-06 09:30:00 PM	44.11	13.51
15-10-06 09:45:00 PM	44.03	13.39
15-10-06 10:00:00 PM	44.12	13.32
15-10-06 10:15:00 PM	43.96	13.27
15-10-06 10:30:00 PM	44.04	13.24
15-10-06 10:45:00 PM	44.04	13.21
15-10-06 11:00:00 PM	43.88	13.17
15-10-06 11:15:00 PM	43.88	13.13
15-10-06 11:30:00 PM	43.8	13.08
15-10-06 11:45:00 PM	43.88	13.08
15-10-07 12:00:00 AM	43.88	13.07
15-10-07 12:15:00 AM	43.8	13.07
15-10-07 12:30:00 AM	43.8	13.04
15-10-07 12:45:00 AM	43.8	13.01
15-10-07 01:00:00 AM	43.8	12.99
15-10-07 01:15:00 AM	43.72	12.97
15-10-07 01:30:00 AM	43.64	12.94
15-10-07 01:45:00 AM	43.56	12.93
15-10-07 02:00:00 AM	43.64	12.92
15-10-07 02:15:00 AM	43.47	12.9
15-10-07 02:30:00 AM	43.56	12.9
15-10-07 02:45:00 AM	43.56	12.92
15-10-07 03:00:00 AM	43.56	12.93
15-10-07 03:15:00 AM	43.56	12.93
15-10-07 03:30:00 AM	43.56	12.96
15-10-07 03:45:00 AM	43.8	13.06
15-10-07 04:00:00 AM	43.88	13.13
15-10-07 04:15:00 AM	43.8	13.16
15-10-07 04:30:00 AM	43.88	13.2
15-10-07 04:45:00 AM	43.79	13.21
15-10-07 05:00:00 AM	43.79	13.23
15-10-07 05:15:00 AM	43.88	13.23
15-10-07 05:30:00 AM	43.79	13.21
15-10-07 05:45:00 AM	43.79	13.21
15-10-07 06:00:00 AM	43.79	13.23
15-10-07 06:15:00 AM	43.79	13.24
15-10-07 06:30:00 AM	43.96	13.24
15-10-07 06:45:00 AM	43.79	13.23
15-10-07 07:00:00 AM	43.88	13.23
15-10-07 07:15:00 AM	43.79	13.24
15-10-07 07:30:00 AM	43.79	13.24
15-10-07 07:45:00 AM	43.87	13.25
15-10-07 08:00:00 AM	43.79	13.27
15-10-07 08:15:00 AM	43.79	13.31
15-10-07 08:30:00 AM	43.79	13.38
15-10-07 08:45:00 AM	43.87	13.41
15-10-07 09:00:00 AM	44.03	13.49
15-10-07 09:15:00 AM	44.11	13.58
15-10-07 09:30:00 AM	44.19	13.62
15-10-07 09:45:00 AM	44.27	13.69
15-10-07 10:00:00 AM	44.19	13.66
15-10-07 10:15:00 AM	44.27	13.58
15-10-07 10:30:00 AM	44.11	13.48
15-10-07 10:45:00 AM	44.11	13.51
15-10-07 11:00:00 AM	44.11	13.49
15-10-07 11:15:00 AM	44.35	13.73
15-10-07 11:30:00 AM	44.51	13.87
15-10-07 11:45:00 AM	44.75	14.06
15-10-07 12:00:00 PM	45.08	14.2
15-10-07 12:15:00 PM	45.15	14.46
15-10-07 12:30:00 PM	45.71	14.8
15-10-07 12:45:00 PM	45.95	15.05
15-10-07 01:00:00 PM	45.95	15.08
15-10-07 01:15:00 PM	45.95	15.07
15-10-07 01:30:00 PM	45.53	15.03
15-10-07 01:45:00 PM	45.86	15.15
15-10-07 02:00:00 PM	46.03	15.17
15-10-07 02:15:00 PM	45.54	15.01
15-10-07 02:30:00 PM	46.1	15.25
15-10-07 02:45:00 PM	46.11	15.11
15-10-07 03:00:00 PM	46.83	15.6
15-10-07 03:15:00 PM	46.75	15.59
15-10-07 03:30:00 PM	46.59	15.53
15-10-07 03:45:00 PM	47	15.69
15-10-07 04:00:00 PM	47.4	15.95
15-10-07 04:15:00 PM	47.23	16.01
15-10-07 04:30:00 PM	47.23	16.01
15-10-07 04:45:00 PM	47.23	16.03
15-10-07 05:00:00 PM	47.23	15.94
15-10-07 05:15:00 PM	47.15	15.94
15-10-07 05:30:00 PM	46.91	15.73
15-10-07 05:45:00 PM	47.08	15.69
15-10-07 06:00:00 PM	46.92	15.59
15-10-07 06:15:00 PM	46.44	15.22
15-10-07 06:30:00 PM	46.27	15.15
15-10-07 06:45:00 PM	46.28	15.12
15-10-07 07:00:00 PM	46.04	14.91
15-10-07 07:15:00 PM	45.71	14.73
15-10-07 07:30:00 PM	45.56	14.55
15-10-07 07:45:00 PM	45.23	14.45
15-10-07 08:00:00 PM	44.99	14.29
15-10-07 08:15:00 PM	44.83	14.22
15-10-07 08:30:00 PM	44.66	14.13
15-10-07 08:45:00 PM	44.5	14.04
15-10-07 09:00:00 PM	44.75	13.99
15-10-07 09:15:00 PM	44.51	13.93
15-10-07 09:30:00 PM	44.51	13.8
15-10-07 09:45:00 PM	44.43	13.75
15-10-07 10:00:00 PM	44.1	13.73
15-10-07 10:15:00 PM	44.1	13.7
15-10-07 10:30:00 PM	44.35	13.7
15-10-07 10:45:00 PM	44.1	13.68
15-10-07 11:00:00 PM	44.19	13.65
15-10-07 11:15:00 PM	44.11	13.59
15-10-07 11:30:00 PM	44.03	13.56
15-10-07 11:45:00 PM	44.11	13.58
15-10-08 12:00:00 AM	44.11	13.61
15-10-08 12:15:00 AM	44.11	13.62
15-10-08 12:30:00 AM	44.02	13.59
15-10-08 12:45:00 AM	43.94	13.54
15-10-08 01:00:00 AM	43.87	13.45
15-10-08 01:15:00 AM	43.87	13.34
15-10-08 01:30:00 AM	43.79	13.21
15-10-08 01:45:00 AM	43.8	13.11
15-10-08 02:00:00 AM	43.55	13.01
15-10-08 02:15:00 AM	43.39	12.93
15-10-08 02:30:00 AM	43.14	12.87
15-10-08 02:45:00 AM	43.06	12.82
15-10-08 03:00:00 AM	43.07	12.78
15-10-08 03:15:00 AM	43.07	12.75
15-10-08 03:30:00 AM	42.82	12.71
15-10-08 03:45:00 AM	42.65	12.69
15-10-08 04:00:00 AM	42.57	12.66
15-10-08 04:15:00 AM	42.57	12.63
15-10-08 04:30:00 AM	42.57	12.62
15-10-08 04:45:00 AM	42.66	12.62
15-10-08 05:00:00 AM	42.57	12.61
15-10-08 05:15:00 AM	42.49	12.61
15-10-08 05:30:00 AM	42.49	12.58
15-10-08 05:45:00 AM	42.41	12.55
15-10-08 06:00:00 AM	42.49	12.55
15-10-08 06:15:00 AM	42.58	12.54
15-10-08 06:30:00 AM	42.66	12.55
15-10-08 06:45:00 AM	42.58	12.55
15-10-08 07:00:00 AM	42.49	12.55
15-10-08 07:15:00 AM	42.49	12.56
15-10-08 07:30:00 AM	42.49	12.61
15-10-08 07:45:00 AM	42.49	12.65
15-10-08 08:00:00 AM	42.57	12.69
15-10-08 08:15:00 AM	42.57	12.73
15-10-08 08:30:00 AM	42.57	12.79
15-10-08 08:45:00 AM	42.65	12.87
15-10-08 09:00:00 AM	42.89	12.94
15-10-08 09:15:00 AM	42.8	13.06
15-10-08 09:30:00 AM	43.05	13.18
15-10-08 09:45:00 AM	43.13	13.28
15-10-08 10:00:00 AM	43.04	13.38
15-10-08 10:15:00 AM	43.12	13.49
15-10-08 10:30:00 AM	43.43	13.84
15-10-08 10:45:00 AM	43.59	14.13
15-10-08 11:00:00 AM	43.82	14.42
15-10-08 11:15:00 AM	44.39	14.77
15-10-08 11:30:00 AM	44.7	15.15
15-10-08 11:45:00 AM	45.01	15.52
15-10-08 12:00:00 PM	45.1	15.49
15-10-08 12:15:00 PM	45.58	15.88
15-10-08 12:30:00 PM	45.9	16.14
15-10-08 12:45:00 PM	46.21	16.5
15-10-08 01:00:00 PM	46.45	16.78
15-10-08 01:15:00 PM	46.77	16.91
15-10-08 01:30:00 PM	47.01	17.12
15-10-08 01:45:00 PM	47.33	17.35
15-10-08 02:00:00 PM	47.09	17.21
15-10-08 02:15:00 PM	47.81	17.68
15-10-08 02:30:00 PM	47.89	17.77
15-10-08 02:45:00 PM	47.33	17.39
15-10-08 03:00:00 PM	47.09	17.12
15-10-08 03:15:00 PM	47.09	17.11
15-10-08 03:30:00 PM	47.49	17.42
15-10-08 03:45:00 PM	47.57	17.39
15-10-08 04:00:00 PM	47.73	17.56
15-10-08 04:15:00 PM	47.98	17.66
15-10-08 04:30:00 PM	47.82	17.52
15-10-08 04:45:00 PM	47.9	17.46
15-10-08 05:00:00 PM	47.66	17.4
15-10-08 05:15:00 PM	47.74	17.32
15-10-08 05:30:00 PM	47.66	17.26
15-10-08 05:45:00 PM	47.67	17.18
15-10-08 06:00:00 PM	47.34	17.04
15-10-08 06:15:00 PM	47.27	16.87
15-10-08 06:30:00 PM	47.03	16.63
15-10-08 06:45:00 PM	46.87	16.49
15-10-08 07:00:00 PM	46.63	16.32
15-10-08 07:15:00 PM	46.4	16.08
15-10-08 07:30:00 PM	46.32	15.95
15-10-08 07:45:00 PM	46.08	15.79
15-10-08 08:00:00 PM	45.92	15.67
15-10-08 08:15:00 PM	45.92	15.69
15-10-08 08:30:00 PM	45.84	15.67
15-10-08 08:45:00 PM	45.92	15.65
15-10-08 09:00:00 PM	45.92	15.63
15-10-08 09:15:00 PM	45.84	15.63
15-10-08 09:30:00 PM	45.76	15.62
15-10-08 09:45:00 PM	45.84	15.6
15-10-08 10:00:00 PM	45.84	15.59
15-10-08 10:15:00 PM	45.76	15.56
15-10-08 10:30:00 PM	45.76	15.55
15-10-08 10:45:00 PM	45.59	15.5
15-10-08 11:00:00 PM	45.51	15.46
15-10-08 11:15:00 PM	45.52	15.42
15-10-08 11:30:00 PM	45.27	15.38
15-10-08 11:45:00 PM	45.44	15.34
15-10-09 12:00:00 AM	45.27	15.28
15-10-09 12:15:00 AM	45.28	15.24
15-10-09 12:30:00 AM	45.28	15.2
15-10-09 12:45:00 AM	45.11	15.15
15-10-09 01:00:00 AM	45.12	15.11
15-10-09 01:15:00 AM	45.03	15.08
15-10-09 01:30:00 AM	44.87	15.04
15-10-09 01:45:00 AM	44.87	15.01
15-10-09 02:00:00 AM	44.79	14.98
15-10-09 02:15:00 AM	44.79	14.96
15-10-09 02:30:00 AM	44.71	14.94
15-10-09 02:45:00 AM	44.63	14.94
15-10-09 03:00:00 AM	44.63	14.94
15-10-09 03:15:00 AM	44.63	14.9
15-10-09 03:30:00 AM	44.55	14.87
15-10-09 03:45:00 AM	44.55	14.84
15-10-09 04:00:00 AM	44.47	14.84
15-10-09 04:15:00 AM	44.47	14.84
15-10-09 04:30:00 AM	44.55	14.87
15-10-09 04:45:00 AM	44.55	14.87
15-10-09 05:00:00 AM	44.46	14.86
15-10-09 05:15:00 AM	44.47	14.84
15-10-09 05:30:00 AM	44.47	14.83
15-10-09 05:45:00 AM	44.47	14.82
15-10-09 06:00:00 AM	44.47	14.8
15-10-09 06:15:00 AM	44.47	14.8
15-10-09 06:30:00 AM	44.55	14.79
15-10-09 06:45:00 AM	44.47	14.77
15-10-09 07:00:00 AM	44.47	14.74
15-10-09 07:15:00 AM	44.47	14.73
15-10-09 07:30:00 AM	44.47	14.73
15-10-09 07:45:00 AM	44.47	14.73
15-10-09 08:00:00 AM	44.31	14.72
15-10-09 08:15:00 AM	44.31	14.72
15-10-09 08:30:00 AM	44.22	14.74
15-10-09 08:45:00 AM	44.3	14.76
15-10-09 09:00:00 AM	44.38	14.83
15-10-09 09:15:00 AM	44.38	14.93
15-10-09 09:30:00 AM	44.37	15.01
15-10-09 09:45:00 AM	44.45	15.1
15-10-09 10:00:00 AM	44.53	15.25
15-10-09 10:15:00 AM	44.77	15.5
15-10-09 10:30:00 AM	45.09	15.73
15-10-09 10:45:00 AM	45.32	15.97
15-10-09 11:00:00 AM	45.49	16.07
15-10-09 11:15:00 AM	45.56	16.18
15-10-09 11:30:00 AM	45.64	16.21
15-10-09 11:45:00 AM	45.72	16.29
15-10-09 12:00:00 PM	45.88	16.43
15-10-09 12:15:00 PM	45.8	16.38
15-10-09 12:30:00 PM	46.05	16.39
15-10-09 12:45:00 PM	45.97	16.29
15-10-09 01:00:00 PM	46.22	16.24
15-10-09 01:15:00 PM	45.81	16.24
15-10-09 01:30:00 PM	46.06	16.17
15-10-09 01:45:00 PM	45.65	16.14
15-10-09 02:00:00 PM	45.81	16.11
15-10-09 02:15:00 PM	45.56	16.17
15-10-09 02:30:00 PM	45.89	16.22
15-10-09 02:45:00 PM	45.98	16.22
15-10-09 03:00:00 PM	46.06	16.25
15-10-09 03:15:00 PM	46.21	16.46
15-10-09 03:30:00 PM	45.72	16.43
15-10-09 03:45:00 PM	46.05	16.36
15-10-09 04:00:00 PM	45.8	16.43
15-10-09 04:15:00 PM	45.8	16.43
15-10-09 04:30:00 PM	45.97	16.39
15-10-09 04:45:00 PM	45.8	16.32
15-10-09 05:00:00 PM	45.81	16.24
15-10-09 05:15:00 PM	45.9	16.12
15-10-09 05:30:00 PM	45.99	15.95
15-10-09 05:45:00 PM	45.67	15.76
15-10-09 06:00:00 PM	45.5	15.66
15-10-09 06:15:00 PM	45.68	15.53
15-10-09 06:30:00 PM	45.43	15.39
15-10-09 06:45:00 PM	45.36	15.25
15-10-09 07:00:00 PM	45.12	15.1
15-10-09 07:15:00 PM	44.96	14.98
15-10-09 07:30:00 PM	44.96	14.9
15-10-09 07:45:00 PM	44.96	14.8
15-10-09 08:00:00 PM	44.97	14.73
15-10-09 08:15:00 PM	44.81	14.66
15-10-09 08:30:00 PM	44.81	14.56
15-10-09 08:45:00 PM	44.81	14.46
15-10-09 09:00:00 PM	44.57	14.35
15-10-09 09:15:00 PM	44.82	14.29
15-10-09 09:30:00 PM	44.58	14.22
15-10-09 09:45:00 PM	44.58	14.1
15-10-09 10:00:00 PM	44.5	14
15-10-09 10:15:00 PM	44.51	13.9
15-10-09 10:30:00 PM	44.27	13.75
15-10-09 10:45:00 PM	44.35	13.68
15-10-09 11:00:00 PM	44.27	13.59
15-10-09 11:15:00 PM	44.28	13.52
15-10-09 11:30:00 PM	44.11	13.48
15-10-09 11:45:00 PM	44.11	13.48
15-10-10 12:00:00 AM	43.95	13.49
15-10-10 12:15:00 AM	44.03	13.46
15-10-10 12:30:00 AM	44.03	13.42
15-10-10 12:45:00 AM	43.95	13.41
15-10-10 01:00:00 AM	44.03	13.38
15-10-10 01:15:00 AM	43.87	13.37
15-10-10 01:30:00 AM	43.87	13.38
15-10-10 01:45:00 AM	43.62	13.39
15-10-10 02:00:00 AM	43.78	13.41
15-10-10 02:15:00 AM	43.7	13.39
15-10-10 02:30:00 AM	43.54	13.38
15-10-10 02:45:00 AM	43.7	13.41
15-10-10 03:00:00 AM	43.95	13.41
15-10-10 03:15:00 AM	43.7	13.45
15-10-10 03:30:00 AM	43.53	13.44
15-10-10 03:45:00 AM	43.78	13.44
15-10-10 04:00:00 AM	43.62	13.44
15-10-10 04:15:00 AM	43.45	13.45
15-10-10 04:30:00 AM	43.45	13.42
15-10-10 04:45:00 AM	43.45	13.39
15-10-10 05:00:00 AM	43.7	13.35
15-10-10 05:15:00 AM	43.54	13.31
15-10-10 05:30:00 AM	43.46	13.28
15-10-10 05:45:00 AM	43.21	13.23
15-10-10 06:00:00 AM	43.3	13.18
15-10-10 06:15:00 AM	43.46	13.18
15-10-10 06:30:00 AM	43.3	13.13
15-10-10 06:45:00 AM	43.22	13.1
15-10-10 07:00:00 AM	43.3	13.06
15-10-10 07:15:00 AM	43.22	13
15-10-10 07:30:00 AM	43.14	12.94
15-10-10 07:45:00 AM	43.23	12.92
15-10-10 08:00:00 AM	43.06	12.87
15-10-10 08:15:00 AM	42.81	12.83
15-10-10 08:30:00 AM	42.9	12.8
15-10-10 08:45:00 AM	42.98	12.79
15-10-10 09:00:00 AM	42.9	12.76
15-10-10 09:15:00 AM	42.9	12.78
15-10-10 09:30:00 AM	43.06	12.8
15-10-10 09:45:00 AM	43.06	12.92
15-10-10 10:00:00 AM	43.3	13.13
15-10-10 10:15:00 AM	43.63	13.24
15-10-10 10:30:00 AM	43.54	13.37
15-10-10 10:45:00 AM	43.78	13.46
15-10-10 11:00:00 AM	43.78	13.55
15-10-10 11:15:00 AM	43.94	13.65
15-10-10 11:30:00 AM	43.85	13.75
15-10-10 11:45:00 AM	44.1	13.83
15-10-10 12:00:00 PM	44.09	13.94
15-10-10 12:15:00 PM	44.01	13.91
15-10-10 12:30:00 PM	44.42	14.01
15-10-10 12:45:00 PM	44.34	14.06
15-10-10 01:00:00 PM	44.08	14.13
15-10-10 01:15:00 PM	44.58	14.24
15-10-10 01:30:00 PM	44.24	14.31
15-10-10 01:45:00 PM	44.32	14.38
15-10-10 02:00:00 PM	44.48	14.45
15-10-10 02:15:00 PM	44.72	14.63
15-10-10 02:30:00 PM	44.89	14.63
15-10-10 02:45:00 PM	44.64	14.65
15-10-10 03:00:00 PM	44.97	14.67
15-10-10 03:15:00 PM	44.81	14.63
15-10-10 03:30:00 PM	44.48	14.52
15-10-10 03:45:00 PM	44.32	14.39
15-10-10 04:00:00 PM	44.32	14.42
15-10-10 04:15:00 PM	44.32	14.49
15-10-10 04:30:00 PM	44.32	14.29
15-10-10 04:45:00 PM	44.24	14.22
15-10-10 05:00:00 PM	44.16	14.27
15-10-10 05:15:00 PM	44.57	14.42
15-10-10 05:30:00 PM	44.48	14.56
15-10-10 05:45:00 PM	44.88	14.76
15-10-10 06:00:00 PM	44.88	14.82
15-10-10 06:15:00 PM	45.13	14.77
15-10-10 06:30:00 PM	44.88	14.76
15-10-10 06:45:00 PM	45.05	14.73
15-10-10 07:00:00 PM	45.05	14.7
15-10-10 07:15:00 PM	44.97	14.62
15-10-10 07:30:00 PM	44.81	14.52
15-10-10 07:45:00 PM	44.57	14.42
15-10-10 08:00:00 PM	44.49	14.31
15-10-10 08:15:00 PM	44.33	14.21
15-10-10 08:30:00 PM	44.33	14.14
15-10-10 08:45:00 PM	44.09	14.08
15-10-10 09:00:00 PM	44.09	14.01
15-10-10 09:15:00 PM	44.09	13.94
15-10-10 09:30:00 PM	43.93	13.9
15-10-10 09:45:00 PM	43.93	13.87
15-10-10 10:00:00 PM	43.85	13.84
15-10-10 10:15:00 PM	43.85	13.82
15-10-10 10:30:00 PM	43.93	13.8
15-10-10 10:45:00 PM	43.93	13.76
15-10-10 11:00:00 PM	43.85	13.73
15-10-10 11:15:00 PM	43.69	13.7
15-10-10 11:30:00 PM	43.69	13.68
15-10-10 11:45:00 PM	43.69	13.65
15-10-11 12:00:00 AM	43.61	13.62
15-10-11 12:15:00 AM	43.69	13.59
15-10-11 12:30:00 AM	43.61	13.58
15-10-11 12:45:00 AM	43.45	13.55
15-10-11 01:00:00 AM	43.53	13.51
15-10-11 01:15:00 AM	43.78	13.49
15-10-11 01:30:00 AM	43.7	13.46
15-10-11 01:45:00 AM	43.53	13.45
15-10-11 02:00:00 AM	43.53	13.42
15-10-11 02:15:00 AM	43.54	13.39
15-10-11 02:30:00 AM	43.54	13.39
15-10-11 02:45:00 AM	43.37	13.35
15-10-11 03:00:00 AM	43.54	13.34
15-10-11 03:15:00 AM	43.37	13.31
15-10-11 03:30:00 AM	43.37	13.31
15-10-11 03:45:00 AM	43.54	13.27
15-10-11 04:00:00 AM	43.29	13.24
15-10-11 04:15:00 AM	43.46	13.23
15-10-11 04:30:00 AM	43.3	13.18
15-10-11 04:45:00 AM	43.3	13.17
15-10-11 05:00:00 AM	43.3	13.14
15-10-11 05:15:00 AM	43.22	13.11
15-10-11 05:30:00 AM	43.3	13.08
15-10-11 05:45:00 AM	43.3	13.06
15-10-11 06:00:00 AM	43.14	13.03
15-10-11 06:15:00 AM	43.31	12.99
15-10-11 06:30:00 AM	43.56	12.96
15-10-11 06:45:00 AM	43.22	12.96
15-10-11 07:00:00 AM	43.39	12.9
15-10-11 07:15:00 AM	43.14	12.87
15-10-11 07:30:00 AM	43.06	12.85
15-10-11 07:45:00 AM	43.15	12.82
15-10-11 08:00:00 AM	43.06	12.82
15-10-11 08:15:00 AM	43.23	12.82
15-10-11 08:30:00 AM	43.15	12.82
15-10-11 08:45:00 AM	43.15	12.82
15-10-11 09:00:00 AM	43.15	12.83
15-10-11 09:15:00 AM	43.23	12.85
15-10-11 09:30:00 AM	43.56	12.87
15-10-11 09:45:00 AM	43.47	12.99
15-10-11 10:00:00 AM	43.46	13.16
15-10-11 10:15:00 AM	43.79	13.32
15-10-11 10:30:00 AM	43.86	13.49
15-10-11 10:45:00 AM	43.94	13.68
15-10-11 11:00:00 AM	44.34	13.89
15-10-11 11:15:00 AM	44.58	14.15
15-10-11 11:30:00 AM	44.73	14.44
15-10-11 11:45:00 AM	44.97	14.79
15-10-11 12:00:00 PM	45.85	15.27
15-10-11 12:15:00 PM	45.93	15.45
15-10-11 12:30:00 PM	46.16	15.73
15-10-11 12:45:00 PM	46.16	15.77
15-10-11 01:00:00 PM	46.24	15.9
15-10-11 01:15:00 PM	46.64	16.19
15-10-11 01:30:00 PM	47.12	16.43
15-10-11 01:45:00 PM	47.11	16.64
15-10-11 02:00:00 PM	47.44	16.73
15-10-11 02:15:00 PM	47.59	17.01
15-10-11 02:30:00 PM	47.84	17.07
15-10-11 02:45:00 PM	47.75	17.11
15-10-11 03:00:00 PM	47.92	17.18
15-10-11 03:15:00 PM	48.41	17.33
15-10-11 03:30:00 PM	48.24	17.25
15-10-11 03:45:00 PM	48.41	17.33
15-10-11 04:00:00 PM	48.49	17.29
15-10-11 04:15:00 PM	48.33	17.19
15-10-11 04:30:00 PM	48.1	16.8
15-10-11 04:45:00 PM	47.86	16.66
15-10-11 05:00:00 PM	47.78	16.57
15-10-11 05:15:00 PM	47.54	16.5
15-10-11 05:30:00 PM	47.54	16.33
15-10-11 05:45:00 PM	47.38	16.21
15-10-11 06:00:00 PM	47.31	16.08
15-10-11 06:15:00 PM	47.23	16.01
15-10-11 06:30:00 PM	47.07	15.93
15-10-11 06:45:00 PM	46.91	15.83
15-10-11 07:00:00 PM	46.99	15.74
15-10-11 07:15:00 PM	46.66	15.66
15-10-11 07:30:00 PM	46.51	15.53
15-10-11 07:45:00 PM	46.59	15.41
15-10-11 08:00:00 PM	46.35	15.29
15-10-11 08:15:00 PM	46.11	15.2
15-10-11 08:30:00 PM	46.03	15.1
15-10-11 08:45:00 PM	45.95	15.01
15-10-11 09:00:00 PM	45.95	14.97
15-10-11 09:15:00 PM	45.79	14.91
15-10-11 09:30:00 PM	45.79	14.87
15-10-11 09:45:00 PM	45.71	14.83
15-10-11 10:00:00 PM	45.79	14.82
15-10-11 10:15:00 PM	45.71	14.8
15-10-11 10:30:00 PM	45.8	14.74
15-10-11 10:45:00 PM	45.63	14.73
15-10-11 11:00:00 PM	45.72	14.7
15-10-11 11:15:00 PM	45.39	14.65
15-10-11 11:30:00 PM	45.55	14.6
15-10-11 11:45:00 PM	45.56	14.55
15-10-12 12:00:00 AM	45.39	14.52
15-10-12 12:15:00 AM	45.64	14.45
15-10-12 12:30:00 AM	45.4	14.39
15-10-12 12:45:00 AM	45.32	14.34
15-10-12 01:00:00 AM	45.32	14.28
15-10-12 01:15:00 AM	45.16	14.24
15-10-12 01:30:00 AM	45.24	14.2
15-10-12 01:45:00 AM	45.24	14.15
15-10-12 02:00:00 AM	45.16	14.1
15-10-12 02:15:00 AM	45.17	14.06
15-10-12 02:30:00 AM	44.92	14.01
15-10-12 02:45:00 AM	44.92	13.99
15-10-12 03:00:00 AM	45.09	13.94
15-10-12 03:15:00 AM	44.92	13.91
15-10-12 03:30:00 AM	44.84	13.86
15-10-12 03:45:00 AM	44.93	13.82
15-10-12 04:00:00 AM	44.76	13.77
15-10-12 04:15:00 AM	44.85	13.73
15-10-12 04:30:00 AM	44.85	13.68
15-10-12 04:45:00 AM	44.77	13.63
15-10-12 05:00:00 AM	44.52	13.59
15-10-12 05:15:00 AM	44.53	13.52
15-10-12 05:30:00 AM	44.53	13.49
15-10-12 05:45:00 AM	44.36	13.44
15-10-12 06:00:00 AM	44.61	13.42
15-10-12 06:15:00 AM	44.37	13.37
15-10-12 06:30:00 AM	44.37	13.35
15-10-12 06:45:00 AM	44.7	13.34
15-10-12 07:00:00 AM	44.45	13.31
15-10-12 07:15:00 AM	44.37	13.3
15-10-12 07:30:00 AM	44.21	13.27
15-10-12 07:45:00 AM	44.29	13.25
15-10-12 08:00:00 AM	44.29	13.25
15-10-12 08:15:00 AM	44.54	13.24
15-10-12 08:30:00 AM	44.37	13.24
15-10-12 08:45:00 AM	44.29	13.24
15-10-12 09:00:00 AM	44.21	13.25
15-10-12 09:15:00 AM	44.12	13.27
15-10-12 09:30:00 AM	44.29	13.28
15-10-12 09:45:00 AM	44.28	13.42
15-10-12 10:00:00 AM	44.68	13.7
15-10-12 10:15:00 AM	44.92	13.94
15-10-12 10:30:00 AM	45.24	14.15
15-10-12 10:45:00 AM	45.4	14.45
15-10-12 11:00:00 AM	46.2	15
15-10-12 11:15:00 AM	46.52	15.31
15-10-12 11:30:00 AM	46.67	15.5
15-10-12 11:45:00 AM	46.82	15.8
15-10-12 12:00:00 PM	47.38	16.28
15-10-12 12:15:00 PM	47.79	16.43
15-10-12 12:30:00 PM	47.94	16.69
15-10-12 12:45:00 PM	48.1	16.86
15-10-12 01:00:00 PM	48.42	16.98
15-10-12 01:15:00 PM	48.5	17.09
15-10-12 01:30:00 PM	48.91	17.18
15-10-12 01:45:00 PM	48.41	17.21
15-10-12 02:00:00 PM	48.66	17.14
15-10-12 02:15:00 PM	48.75	17.16
15-10-12 02:30:00 PM	48.42	17.12
15-10-12 02:45:00 PM	48.25	17.07
15-10-12 03:00:00 PM	48.26	17.01
15-10-12 03:15:00 PM	48.26	17
15-10-12 03:30:00 PM	48.18	16.93
15-10-12 03:45:00 PM	48.1	16.87
15-10-12 04:00:00 PM	48.1	16.8
15-10-12 04:15:00 PM	47.69	16.73
15-10-12 04:30:00 PM	47.54	16.46
15-10-12 04:45:00 PM	47.63	16.35
15-10-12 05:00:00 PM	47.38	16.29
15-10-12 05:15:00 PM	47.55	16.26
15-10-12 05:30:00 PM	47.47	16.22
15-10-12 05:45:00 PM	47.39	16.17
15-10-12 06:00:00 PM	47.39	16.14
15-10-12 06:15:00 PM	47.31	16.1
15-10-12 06:30:00 PM	47.47	16.07
15-10-12 06:45:00 PM	47.31	16.01
15-10-12 07:00:00 PM	47.23	15.95
15-10-12 07:15:00 PM	47.23	15.93
15-10-12 07:30:00 PM	46.99	15.87
15-10-12 07:45:00 PM	46.91	15.83
15-10-12 08:00:00 PM	46.99	15.79
15-10-12 08:15:00 PM	46.99	15.73
15-10-12 08:30:00 PM	46.66	15.67
15-10-12 08:45:00 PM	46.92	15.62
15-10-12 09:00:00 PM	46.67	15.55
15-10-12 09:15:00 PM	46.51	15.49
15-10-12 09:30:00 PM	46.76	15.46
15-10-12 09:45:00 PM	46.34	15.43
15-10-12 10:00:00 PM	46.59	15.41
15-10-12 10:15:00 PM	46.6	15.39
15-10-12 10:30:00 PM	46.43	15.38
15-10-12 10:45:00 PM	46.68	15.35
15-10-12 11:00:00 PM	46.43	15.31
15-10-12 11:15:00 PM	46.44	15.27
15-10-12 11:30:00 PM	46.77	15.24
15-10-12 11:45:00 PM	46.36	15.21
15-10-13 12:00:00 AM	46.27	15.18
15-10-13 12:15:00 AM	46.27	15.17
15-10-13 12:30:00 AM	46.52	15.2
15-10-13 12:45:00 AM	46.44	15.21
15-10-13 01:00:00 AM	46.6	15.21
15-10-13 01:15:00 AM	46.44	15.22
15-10-13 01:30:00 AM	46.52	15.2
15-10-13 01:45:00 AM	46.61	15.17
15-10-13 02:00:00 AM	46.77	15.18
15-10-13 02:15:00 AM	46.44	15.17
15-10-13 02:30:00 AM	46.52	15.17
15-10-13 02:45:00 AM	46.44	15.17
15-10-13 03:00:00 AM	46.44	15.17
15-10-13 03:15:00 AM	46.69	15.18
15-10-13 03:30:00 AM	46.61	15.17
15-10-13 03:45:00 AM	46.44	15.17
15-10-13 04:00:00 AM	46.69	15.17
15-10-13 04:15:00 AM	46.52	15.15
15-10-13 04:30:00 AM	46.52	15.15
15-10-13 04:45:00 AM	46.44	15.14
15-10-13 05:00:00 AM	46.52	15.14
15-10-13 05:15:00 AM	46.44	15.14
15-10-13 05:30:00 AM	46.52	15.14
15-10-13 05:45:00 AM	46.53	15.12
15-10-13 06:00:00 AM	46.69	15.12
15-10-13 06:15:00 AM	46.53	15.11
15-10-13 06:30:00 AM	46.53	15.1
15-10-13 06:45:00 AM	46.44	15.08
15-10-13 07:00:00 AM	46.61	15.08
15-10-13 07:15:00 AM	46.69	15.07
15-10-13 07:30:00 AM	46.53	15.07
15-10-13 07:45:00 AM	46.53	15.07
15-10-13 08:00:00 AM	46.53	15.08
15-10-13 08:15:00 AM	46.44	15.07
15-10-13 08:30:00 AM	46.36	15.08
15-10-13 08:45:00 AM	46.44	15.08
15-10-13 09:00:00 AM	46.28	15.11
15-10-13 09:15:00 AM	46.52	15.15
15-10-13 09:30:00 AM	46.44	15.2
15-10-13 09:45:00 AM	46.52	15.22
15-10-13 10:00:00 AM	46.19	15.27
15-10-13 10:15:00 AM	46.93	15.41
15-10-13 10:30:00 AM	47.01	15.43
15-10-13 10:45:00 AM	47.33	15.66
15-10-13 11:00:00 AM	47.17	15.6
15-10-13 11:15:00 AM	47.25	15.56
15-10-13 11:30:00 AM	47.99	15.65
15-10-13 11:45:00 AM	47.67	15.5
15-10-13 12:00:00 PM	47.26	15.43
15-10-13 12:15:00 PM	47.17	15.41
15-10-13 12:30:00 PM	46.67	15.48
15-10-13 12:45:00 PM	48	15.53
15-10-13 01:00:00 PM	46.76	15.49
15-10-13 01:15:00 PM	46.5	15.55
15-10-13 01:30:00 PM	46.5	15.59
15-10-13 01:45:00 PM	46.75	15.56
15-10-13 02:00:00 PM	46.76	15.49
15-10-13 02:15:00 PM	46.84	15.46
15-10-13 02:30:00 PM	46.84	15.49
15-10-13 02:45:00 PM	46.76	15.48
15-10-13 03:00:00 PM	46.68	15.42
15-10-13 03:15:00 PM	46.68	15.39
15-10-13 03:30:00 PM	46.76	15.38
15-10-13 03:45:00 PM	46.68	15.39
15-10-13 04:00:00 PM	46.51	15.38
15-10-13 04:15:00 PM	46.68	15.38
15-10-13 04:30:00 PM	46.59	15.41
15-10-13 04:45:00 PM	46.68	15.45
15-10-13 05:00:00 PM	46.59	15.42
15-10-13 05:15:00 PM	46.76	15.42
15-10-13 05:30:00 PM	46.68	15.36
15-10-13 05:45:00 PM	46.68	15.34
15-10-13 06:00:00 PM	47.01	15.31
15-10-13 06:15:00 PM	47.51	15.31
15-10-13 06:30:00 PM	48.01	15.28
15-10-13 06:45:00 PM	48.34	15.27
15-10-13 07:00:00 PM	46.6	15.24
15-10-13 07:15:00 PM	46.69	15.21
15-10-13 07:30:00 PM	46.52	15.14
15-10-13 07:45:00 PM	46.61	15.11
15-10-13 08:00:00 PM	46.44	15.14
15-10-13 08:15:00 PM	46.61	15.11
15-10-13 08:30:00 PM	46.36	15.08
15-10-13 08:45:00 PM	46.53	15.05
15-10-13 09:00:00 PM	46.45	15.03
15-10-13 09:15:00 PM	46.45	15.03
15-10-13 09:30:00 PM	46.45	14.97
15-10-13 09:45:00 PM	46.37	14.93
15-10-13 10:00:00 PM	46.54	14.91
15-10-13 10:15:00 PM	46.45	14.91
15-10-13 10:30:00 PM	46.29	14.9
15-10-13 10:45:00 PM	46.29	14.89
15-10-13 11:00:00 PM	46.37	14.87
15-10-13 11:15:00 PM	46.54	14.86
15-10-13 11:30:00 PM	46.37	14.84
15-10-13 11:45:00 PM	46.37	14.82
15-10-14 12:00:00 AM	46.21	14.82
15-10-14 12:15:00 AM	46.29	14.77
15-10-14 12:30:00 AM	46.38	14.73
15-10-14 12:45:00 AM	46.38	14.73
15-10-14 01:00:00 AM	46.3	14.7
15-10-14 01:15:00 AM	46.3	14.7
15-10-14 01:30:00 AM	46.21	14.7
15-10-14 01:45:00 AM	46.38	14.67
15-10-14 02:00:00 AM	46.22	14.63
15-10-14 02:15:00 AM	46.13	14.65
15-10-14 02:30:00 AM	46.13	14.63
15-10-14 02:45:00 AM	46.05	14.6
15-10-14 03:00:00 AM	46.14	14.59
15-10-14 03:15:00 AM	46.05	14.56
15-10-14 03:30:00 AM	46.05	14.55
15-10-14 03:45:00 AM	45.97	14.55
15-10-14 04:00:00 AM	45.97	14.52
15-10-14 04:15:00 AM	45.97	14.52
15-10-14 04:30:00 AM	45.97	14.52
15-10-14 04:45:00 AM	45.97	14.52
15-10-14 05:00:00 AM	45.89	14.49
15-10-14 05:15:00 AM	46.06	14.48
15-10-14 05:30:00 AM	46.14	14.46
15-10-14 05:45:00 AM	45.89	14.45
15-10-14 06:00:00 AM	46.06	14.44
15-10-14 06:15:00 AM	46.06	14.44
15-10-14 06:30:00 AM	46.06	14.41
15-10-14 06:45:00 AM	46.06	14.38
15-10-14 07:00:00 AM	46.15	14.37
15-10-14 07:15:00 AM	45.9	14.34
15-10-14 07:30:00 AM	45.98	14.32
15-10-14 07:45:00 AM	46.07	14.32
15-10-14 08:00:00 AM	46.07	14.29
15-10-14 08:15:00 AM	45.9	14.32
15-10-14 08:30:00 AM	45.82	14.32
15-10-14 08:45:00 AM	45.82	14.35
15-10-14 09:00:00 AM	46.06	14.39
15-10-14 09:15:00 AM	45.9	14.37
15-10-14 09:30:00 AM	46.06	14.38
15-10-14 09:45:00 AM	46.06	14.39
15-10-14 10:00:00 AM	45.9	14.39
15-10-14 10:15:00 AM	45.98	14.48
15-10-14 10:30:00 AM	45.97	14.58
15-10-14 10:45:00 AM	46.05	14.55
15-10-14 11:00:00 AM	45.97	14.69
15-10-14 11:15:00 AM	46.29	14.82
15-10-14 11:30:00 AM	46.29	14.84
15-10-14 11:45:00 AM	46.45	14.87
15-10-14 12:00:00 PM	46.45	14.87
15-10-14 12:15:00 PM	46.61	15.01
15-10-14 12:30:00 PM	46.62	14.87
15-10-14 12:45:00 PM	46.62	14.89
15-10-14 01:00:00 PM	46.45	14.94
15-10-14 01:15:00 PM	46.61	15.03
15-10-14 01:30:00 PM	46.62	14.91
15-10-14 01:45:00 PM	46.86	15.07
15-10-14 02:00:00 PM	47.01	15.34
15-10-14 02:15:00 PM	46.95	15.01
15-10-14 02:30:00 PM	47.02	15.12
15-10-14 02:45:00 PM	46.95	14.93
15-10-14 03:00:00 PM	46.87	14.84
15-10-14 03:15:00 PM	47.03	14.97
15-10-14 03:30:00 PM	46.79	14.73
15-10-14 03:45:00 PM	46.88	14.66
15-10-14 04:00:00 PM	46.81	14.48
15-10-14 04:15:00 PM	46.89	14.41
15-10-14 04:30:00 PM	46.56	14.38
15-10-14 04:45:00 PM	46.73	14.34
15-10-14 05:00:00 PM	46.56	14.29
15-10-14 05:15:00 PM	46.65	14.25
15-10-14 05:30:00 PM	46.65	14.27
15-10-14 05:45:00 PM	46.73	14.24
15-10-14 06:00:00 PM	46.49	14.22
15-10-14 06:15:00 PM	46.48	14.24
15-10-14 06:30:00 PM	46.49	14.2
15-10-14 06:45:00 PM	46.49	14.21
15-10-14 07:00:00 PM	46.4	14.2
15-10-14 07:15:00 PM	46.57	14.18
15-10-14 07:30:00 PM	46.49	14.18
15-10-14 07:45:00 PM	46.49	14.15
15-10-14 08:00:00 PM	46.41	14.14
15-10-14 08:15:00 PM	46.41	14.14
15-10-14 08:30:00 PM	46.41	14.11
15-10-14 08:45:00 PM	46.33	14.08
15-10-14 09:00:00 PM	46.24	14.07
15-10-14 09:15:00 PM	46.24	14.06
15-10-14 09:30:00 PM	46.08	14.03
15-10-14 09:45:00 PM	46.33	13.99
15-10-14 10:00:00 PM	46.25	13.94
15-10-14 10:15:00 PM	46.17	13.91
15-10-14 10:30:00 PM	46	13.87
15-10-14 10:45:00 PM	46.34	13.84
15-10-14 11:00:00 PM	46.01	13.82
15-10-14 11:15:00 PM	46.17	13.79
15-10-14 11:30:00 PM	46.01	13.76
15-10-14 11:45:00 PM	46.01	13.76
15-10-15 12:00:00 AM	46.09	13.72
15-10-15 12:15:00 AM	45.93	13.7
15-10-15 12:30:00 AM	45.93	13.69
15-10-15 12:45:00 AM	45.76	13.68
15-10-15 01:00:00 AM	45.93	13.65
15-10-15 01:15:00 AM	45.93	13.66
15-10-15 01:30:00 AM	45.85	13.62
15-10-15 01:45:00 AM	45.85	13.61
15-10-15 02:00:00 AM	46.02	13.59
15-10-15 02:15:00 AM	45.77	13.56
15-10-15 02:30:00 AM	45.85	13.59
15-10-15 02:45:00 AM	45.93	13.59
15-10-15 03:00:00 AM	45.93	13.59
15-10-15 03:15:00 AM	46.1	13.58
15-10-15 03:30:00 AM	45.94	13.56
15-10-15 03:45:00 AM	45.85	13.55
15-10-15 04:00:00 AM	46.02	13.54
15-10-15 04:15:00 AM	46.1	13.51
15-10-15 04:30:00 AM	45.94	13.51
15-10-15 04:45:00 AM	45.86	13.49
15-10-15 05:00:00 AM	45.94	13.46
15-10-15 05:15:00 AM	45.94	13.45
15-10-15 05:30:00 AM	45.86	13.44
15-10-15 05:45:00 AM	46.03	13.41
15-10-15 06:00:00 AM	45.78	13.39
15-10-15 06:15:00 AM	45.94	13.38
15-10-15 06:30:00 AM	45.94	13.37
15-10-15 06:45:00 AM	45.78	13.32
15-10-15 07:00:00 AM	45.87	13.3
15-10-15 07:15:00 AM	45.78	13.27
15-10-15 07:30:00 AM	45.78	13.27
15-10-15 07:45:00 AM	45.78	13.25
15-10-15 08:00:00 AM	45.78	13.25
15-10-15 08:15:00 AM	45.7	13.25
15-10-15 08:30:00 AM	45.7	13.24
15-10-15 08:45:00 AM	45.7	13.25
15-10-15 09:00:00 AM	45.78	13.28
15-10-15 09:15:00 AM	45.62	13.27
15-10-15 09:30:00 AM	45.7	13.24
15-10-15 09:45:00 AM	45.87	13.28
15-10-15 10:00:00 AM	45.94	13.46
15-10-15 10:15:00 AM	46.27	13.59
15-10-15 10:30:00 AM	46.26	13.73
15-10-15 10:45:00 AM	46.42	13.93
15-10-15 11:00:00 AM	46.58	14.03
15-10-15 11:15:00 AM	46.98	14.2
15-10-15 11:30:00 AM	46.9	14.22
15-10-15 11:45:00 AM	47.14	14.45
15-10-15 12:00:00 PM	47.22	14.42
15-10-15 12:15:00 PM	47.54	14.73
15-10-15 12:30:00 PM	47.94	15.05
15-10-15 12:45:00 PM	47.86	14.91
15-10-15 01:00:00 PM	48.18	15.2
15-10-15 01:15:00 PM	47.94	14.98
15-10-15 01:30:00 PM	48.18	15.2
15-10-15 01:45:00 PM	48.5	15.5
15-10-15 02:00:00 PM	48.5	15.38
15-10-15 02:15:00 PM	48.58	15.56
15-10-15 02:30:00 PM	48.58	15.53
15-10-15 02:45:00 PM	48.66	15.57
15-10-15 03:00:00 PM	48.9	15.83
15-10-15 03:15:00 PM	48.82	15.6
15-10-15 03:30:00 PM	48.74	15.59
15-10-15 03:45:00 PM	48.75	15.49
15-10-15 04:00:00 PM	48.66	15.49
15-10-15 04:15:00 PM	48.74	15.65
15-10-15 04:30:00 PM	48.59	15.35
15-10-15 04:45:00 PM	48.59	15.28
15-10-15 05:00:00 PM	48.59	15.27
15-10-15 05:15:00 PM	48.6	15.17
15-10-15 05:30:00 PM	48.44	15.08
15-10-15 05:45:00 PM	48.61	15.01
15-10-15 06:00:00 PM	48.28	14.93
15-10-15 06:15:00 PM	48.28	14.89
15-10-15 06:30:00 PM	48.36	14.84
15-10-15 06:45:00 PM	48.29	14.77
15-10-15 07:00:00 PM	48.29	14.7
15-10-15 07:15:00 PM	48.21	14.65
15-10-15 07:30:00 PM	48.13	14.59
15-10-15 07:45:00 PM	48.05	14.52
15-10-15 08:00:00 PM	47.97	14.49
15-10-15 08:15:00 PM	47.97	14.42
15-10-15 08:30:00 PM	47.81	14.37
15-10-15 08:45:00 PM	47.73	14.31
15-10-15 09:00:00 PM	47.65	14.25
15-10-15 09:15:00 PM	47.65	14.2
15-10-15 09:30:00 PM	47.49	14.15
15-10-15 09:45:00 PM	47.57	14.1
15-10-15 10:00:00 PM	47.57	14.07
15-10-15 10:15:00 PM	47.49	14.03
15-10-15 10:30:00 PM	47.41	14.01
15-10-15 10:45:00 PM	47.41	14.01
15-10-15 11:00:00 PM	47.41	14.01
15-10-15 11:15:00 PM	47.58	13.96
15-10-15 11:30:00 PM	47.49	13.97
15-10-15 11:45:00 PM	47.5	13.94
15-10-16 12:00:00 AM	47.5	13.93
15-10-16 12:15:00 AM	47.5	13.91
15-10-16 12:30:00 AM	47.5	13.9
15-10-16 12:45:00 AM	47.5	13.87
15-10-16 01:00:00 AM	47.42	13.83
15-10-16 01:15:00 AM	47.42	13.79
15-10-16 01:30:00 AM	47.42	13.73
15-10-16 01:45:00 AM	47.51	13.68
15-10-16 02:00:00 AM	47.34	13.63
15-10-16 02:15:00 AM	47.18	13.51
15-10-16 02:30:00 AM	47.35	13.42
15-10-16 02:45:00 AM	47.11	13.38
15-10-16 03:00:00 AM	47.28	13.35
15-10-16 03:15:00 AM	47.11	13.34
15-10-16 03:30:00 AM	47.03	13.3
15-10-16 03:45:00 AM	46.87	13.23
15-10-16 04:00:00 AM	46.87	13.24
15-10-16 04:15:00 AM	46.87	13.23
15-10-16 04:30:00 AM	46.7	13.2
15-10-16 04:45:00 AM	46.7	13.16
15-10-16 05:00:00 AM	46.7	13.13
15-10-16 05:15:00 AM	46.62	13.08
15-10-16 05:30:00 AM	46.79	13.06
15-10-16 05:45:00 AM	46.63	13.03
15-10-16 06:00:00 AM	46.71	13.01
15-10-16 06:15:00 AM	46.71	12.99
15-10-16 06:30:00 AM	46.63	12.96
15-10-16 06:45:00 AM	46.63	12.93
15-10-16 07:00:00 AM	46.63	12.9
15-10-16 07:15:00 AM	46.63	12.87
15-10-16 07:30:00 AM	46.63	12.9
15-10-16 07:45:00 AM	46.63	12.93
15-10-16 08:00:00 AM	46.55	12.89
15-10-16 08:15:00 AM	46.63	12.87
15-10-16 08:30:00 AM	46.71	12.94
15-10-16 08:45:00 AM	46.8	12.93
15-10-16 09:00:00 AM	46.71	12.97
15-10-16 09:15:00 AM	46.88	12.99
15-10-16 09:30:00 AM	46.79	13
15-10-16 09:45:00 AM	46.79	13.03
15-10-16 10:00:00 AM	46.96	13.07
15-10-16 10:15:00 AM	46.87	13.06
15-10-16 10:30:00 AM	46.87	13.14
15-10-16 10:45:00 AM	46.95	13.21
15-10-16 11:00:00 AM	47.04	13.16
15-10-16 11:15:00 AM	47.03	13.28
15-10-16 11:30:00 AM	47.43	13.54
15-10-16 11:45:00 AM	47.35	13.58
15-10-16 12:00:00 PM	47.35	13.52
15-10-16 12:15:00 PM	47.34	13.63
15-10-16 12:30:00 PM	47.34	13.68
15-10-16 12:45:00 PM	47.67	13.72
15-10-16 01:00:00 PM	47.75	13.77
15-10-16 01:15:00 PM	47.51	13.65
15-10-16 01:30:00 PM	48.07	14.18
15-10-16 01:45:00 PM	47.91	13.99
15-10-16 02:00:00 PM	47.74	13.94
15-10-16 02:15:00 PM	48.38	14.52
15-10-16 02:30:00 PM	48.71	14.66
15-10-16 02:45:00 PM	48.63	14.52
15-10-16 03:00:00 PM	48.87	14.74
15-10-16 03:15:00 PM	49.03	14.79
15-10-16 03:30:00 PM	48.8	14.55
15-10-16 03:45:00 PM	48.72	14.42
15-10-16 04:00:00 PM	48.48	14.21
15-10-16 04:15:00 PM	48.32	14.1
15-10-16 04:30:00 PM	48.24	13.99
15-10-16 04:45:00 PM	48.24	14.01
15-10-16 05:00:00 PM	48.16	13.96
15-10-16 05:15:00 PM	48	13.89
15-10-16 05:30:00 PM	47.92	13.77
15-10-16 05:45:00 PM	47.84	13.65
15-10-16 06:00:00 PM	47.85	13.56
15-10-16 06:15:00 PM	47.69	13.45
15-10-16 06:30:00 PM	47.61	13.32
15-10-16 06:45:00 PM	47.53	13.28
15-10-16 07:00:00 PM	47.37	13.21
15-10-16 07:15:00 PM	47.37	13.16
15-10-16 07:30:00 PM	47.37	13.06
15-10-16 07:45:00 PM	47.29	12.99
15-10-16 08:00:00 PM	47.13	12.93
15-10-16 08:15:00 PM	47.13	12.87
15-10-16 08:30:00 PM	46.97	12.82
15-10-16 08:45:00 PM	47.05	12.78
15-10-16 09:00:00 PM	47.05	12.79
15-10-16 09:15:00 PM	46.97	12.76
15-10-16 09:30:00 PM	46.97	12.72
15-10-16 09:45:00 PM	46.98	12.68
15-10-16 10:00:00 PM	46.81	12.65
15-10-16 10:15:00 PM	46.81	12.71
15-10-16 10:30:00 PM	46.97	12.69
15-10-16 10:45:00 PM	46.98	12.61
15-10-16 11:00:00 PM	46.81	12.59
15-10-16 11:15:00 PM	46.81	12.58
15-10-16 11:30:00 PM	46.81	12.58
15-10-16 11:45:00 PM	46.9	12.56
15-10-17 12:00:00 AM	46.82	12.55
15-10-17 12:15:00 AM	46.82	12.54
15-10-17 12:30:00 AM	46.73	12.54
15-10-17 12:45:00 AM	46.73	12.52
15-10-17 01:00:00 AM	46.73	12.51
15-10-17 01:15:00 AM	46.73	12.52
15-10-17 01:30:00 AM	46.98	12.52
15-10-17 01:45:00 AM	46.82	12.52
15-10-17 02:00:00 AM	47.23	12.52
15-10-17 02:15:00 AM	47.23	12.49
15-10-17 02:30:00 AM	47.15	12.47
15-10-17 02:45:00 AM	47.07	12.44
15-10-17 03:00:00 AM	47.15	12.47
15-10-17 03:15:00 AM	47.24	12.44
15-10-17 03:30:00 AM	47.16	12.4
15-10-17 03:45:00 AM	47.07	12.37
15-10-17 04:00:00 AM	47.16	12.34
15-10-17 04:15:00 AM	46.99	12.3
15-10-17 04:30:00 AM	46.83	12.28
15-10-17 04:45:00 AM	47	12.27
15-10-17 05:00:00 AM	46.99	12.28
15-10-17 05:15:00 AM	46.99	12.28
15-10-17 05:30:00 AM	47	12.27
15-10-17 05:45:00 AM	47.08	12.25
15-10-17 06:00:00 AM	47	12.23
15-10-17 06:15:00 AM	47	12.2
15-10-17 06:30:00 AM	46.83	12.2
15-10-17 06:45:00 AM	46.83	12.14
15-10-17 07:00:00 AM	46.92	12.11
15-10-17 07:15:00 AM	46.84	12.07
15-10-17 07:30:00 AM	46.84	12.03
15-10-17 07:45:00 AM	46.84	12.07
15-10-17 08:00:00 AM	46.84	12.1
15-10-17 08:15:00 AM	46.84	12.06
15-10-17 08:30:00 AM	46.84	12.13
15-10-17 08:45:00 AM	46.83	12.16
15-10-17 09:00:00 AM	46.83	12.14
15-10-17 09:15:00 AM	47	12.18
15-10-17 09:30:00 AM	47	12.2
15-10-17 09:45:00 AM	47	12.23
15-10-17 10:00:00 AM	46.91	12.23
15-10-17 10:15:00 AM	47.08	12.21
15-10-17 10:30:00 AM	46.83	12.24
15-10-17 10:45:00 AM	47.16	12.28
15-10-17 11:00:00 AM	47.08	12.28
15-10-17 11:15:00 AM	46.59	11.99
15-10-17 11:30:00 AM	46.92	12.04
15-10-17 11:45:00 AM	46.83	12.21
15-10-17 12:00:00 PM	47.07	12.38
15-10-17 12:15:00 PM	47.31	12.63
15-10-17 12:30:00 PM	47.23	12.63
15-10-17 12:45:00 PM	47.39	12.79
15-10-17 01:00:00 PM	47.22	12.71
15-10-17 01:15:00 PM	47.39	12.71
15-10-17 01:30:00 PM	47.39	12.63
15-10-17 01:45:00 PM	47.79	13.08
15-10-17 02:00:00 PM	47.95	13.23
15-10-17 02:15:00 PM	48.19	13.28
15-10-17 02:30:00 PM	48.04	13
15-10-17 02:45:00 PM	47.8	12.92
15-10-17 03:00:00 PM	47.32	12.51
15-10-17 03:15:00 PM	47.08	12.27
15-10-17 03:30:00 PM	46.92	12.17
15-10-17 03:45:00 PM	47.08	12.25
15-10-17 04:00:00 PM	46.99	12.3
15-10-17 04:15:00 PM	47.08	12.3
15-10-17 04:30:00 PM	46.76	12.06
15-10-17 04:45:00 PM	46.68	11.99
15-10-17 05:00:00 PM	46.92	12.03
15-10-17 05:15:00 PM	46.76	12.03
15-10-17 05:30:00 PM	46.84	12.02
15-10-17 05:45:00 PM	46.84	12
15-10-17 06:00:00 PM	46.84	11.97
15-10-17 06:15:00 PM	46.68	11.95
15-10-17 06:30:00 PM	46.85	11.93
15-10-17 06:45:00 PM	46.76	11.92
15-10-17 07:00:00 PM	46.76	11.9
15-10-17 07:15:00 PM	46.68	11.89
15-10-17 07:30:00 PM	46.6	11.88
15-10-17 07:45:00 PM	46.6	11.83
15-10-17 08:00:00 PM	46.6	11.8
15-10-17 08:15:00 PM	46.69	11.78
15-10-17 08:30:00 PM	46.44	11.75
15-10-17 08:45:00 PM	46.44	11.68
15-10-17 09:00:00 PM	46.36	11.66
15-10-17 09:15:00 PM	46.28	11.65
15-10-17 09:30:00 PM	46.44	11.64
15-10-17 09:45:00 PM	46.28	11.62
15-10-17 10:00:00 PM	46.2	11.55
15-10-17 10:15:00 PM	46.2	11.55
15-10-17 10:30:00 PM	46.28	11.52
15-10-17 10:45:00 PM	46.2	11.54
15-10-17 11:00:00 PM	46.28	11.52
15-10-17 11:15:00 PM	46.2	11.52
15-10-17 11:30:00 PM	47.03	11.51
15-10-17 11:45:00 PM	46.12	11.51
15-10-18 12:00:00 AM	46.28	11.48
15-10-18 12:15:00 AM	46.2	11.45
15-10-18 12:30:00 AM	46.12	11.45
15-10-18 12:45:00 AM	46.04	11.43
15-10-18 01:00:00 AM	45.95	11.41
15-10-18 01:15:00 AM	46.12	11.41
15-10-18 01:30:00 AM	46.2	11.41
15-10-18 01:45:00 AM	46.12	11.38
15-10-18 02:00:00 AM	46.12	11.38
15-10-18 02:15:00 AM	46.04	11.35
15-10-18 02:30:00 AM	45.96	11.34
15-10-18 02:45:00 AM	44.79	11.34
15-10-18 03:00:00 AM	44.71	11.33
15-10-18 03:15:00 AM	44.79	11.33
15-10-18 03:30:00 AM	44.55	11.28
15-10-18 03:45:00 AM	44.55	11.24
15-10-18 04:00:00 AM	44.46	11.24
15-10-18 04:15:00 AM	44.55	11.24
15-10-18 04:30:00 AM	44.38	11.21
15-10-18 04:45:00 AM	44.47	11.19
15-10-18 05:00:00 AM	44.47	11.19
15-10-18 05:15:00 AM	44.38	11.17
15-10-18 05:30:00 AM	44.47	11.17
15-10-18 05:45:00 AM	44.47	11.17
15-10-18 06:00:00 AM	44.55	11.16
15-10-18 06:15:00 AM	44.39	11.13
15-10-18 06:30:00 AM	44.64	11.13
15-10-18 06:45:00 AM	44.39	11.14
15-10-18 07:00:00 AM	44.39	11.1
15-10-18 07:15:00 AM	44.47	11.09
15-10-18 07:30:00 AM	44.55	11.1
15-10-18 07:45:00 AM	44.31	11.03
15-10-18 08:00:00 AM	44.47	11.05
15-10-18 08:15:00 AM	44.15	10.86
15-10-18 08:30:00 AM	43.66	10.52
15-10-18 08:45:00 AM	43.82	10.79
15-10-18 09:00:00 AM	44.15	10.93
15-10-18 09:15:00 AM	44.23	11
15-10-18 09:30:00 AM	44.14	10.97
15-10-18 09:45:00 AM	44.22	11.02
15-10-18 10:00:00 AM	44.14	11.06
15-10-18 10:15:00 AM	44.38	11.2
15-10-18 10:30:00 AM	44.46	11.26
15-10-18 10:45:00 AM	44.55	11.28
15-10-18 11:00:00 AM	44.3	11.27
15-10-18 11:15:00 AM	44.71	11.3
15-10-18 11:30:00 AM	44.38	11.23
15-10-18 11:45:00 AM	44.71	11.31
15-10-18 12:00:00 PM	44.71	11.3
15-10-18 12:15:00 PM	44.46	11.31
15-10-18 12:30:00 PM	46.11	11.62
15-10-18 12:45:00 PM	46.04	11.37
15-10-18 01:00:00 PM	45.79	11.45
15-10-18 01:15:00 PM	45.96	11.31
15-10-18 01:30:00 PM	45.71	11.28
15-10-18 01:45:00 PM	45.31	11.05
15-10-18 02:00:00 PM	45.8	11.21
15-10-18 02:15:00 PM	46.19	11.69
15-10-18 02:30:00 PM	46.19	11.72
15-10-18 02:45:00 PM	46.44	11.76
15-10-18 03:00:00 PM	46.28	11.52
15-10-18 03:15:00 PM	46.04	11.41
15-10-18 03:30:00 PM	45.88	11.28
15-10-18 03:45:00 PM	45.88	11.33
15-10-18 04:00:00 PM	45.72	11.13
15-10-18 04:15:00 PM	45.79	11.35
15-10-18 04:30:00 PM	45.72	11.13
15-10-18 04:45:00 PM	45.8	11.12
15-10-18 05:00:00 PM	45.39	11.06
15-10-18 05:15:00 PM	45.72	11.02
15-10-18 05:30:00 PM	45.56	10.97
15-10-18 05:45:00 PM	45.64	10.95
15-10-18 06:00:00 PM	45.81	10.92
15-10-18 06:15:00 PM	45.56	10.9
15-10-18 06:30:00 PM	45.73	10.88
15-10-18 06:45:00 PM	45.57	10.83
15-10-18 07:00:00 PM	45.23	10.79
15-10-18 07:15:00 PM	45.24	10.74
15-10-18 07:30:00 PM	45.4	10.71
15-10-18 07:45:00 PM	45.32	10.68
15-10-18 08:00:00 PM	45.16	10.67
15-10-18 08:15:00 PM	45.16	10.64
15-10-18 08:30:00 PM	44.91	10.61
15-10-18 08:45:00 PM	44.99	10.58
15-10-18 09:00:00 PM	44.99	10.57
15-10-18 09:15:00 PM	45.08	10.52
15-10-18 09:30:00 PM	45	10.5
15-10-18 09:45:00 PM	44.83	10.48
15-10-18 10:00:00 PM	45	10.45
15-10-18 10:15:00 PM	45	10.47
15-10-18 10:30:00 PM	45	10.47
15-10-18 10:45:00 PM	44.92	10.44
15-10-18 11:00:00 PM	44.92	10.41
15-10-18 11:15:00 PM	44.84	10.38
15-10-18 11:30:00 PM	45	10.37
15-10-18 11:45:00 PM	44.84	10.34
15-10-19 12:00:00 AM	45.09	10.33
15-10-19 12:15:00 AM	44.92	10.31
15-10-19 12:30:00 AM	44.92	10.29
15-10-19 12:45:00 AM	45.01	10.24
15-10-19 01:00:00 AM	44.68	10.23
15-10-19 01:15:00 AM	44.76	10.2
15-10-19 01:30:00 AM	44.6	10.17
15-10-19 01:45:00 AM	44.85	10.14
15-10-19 02:00:00 AM	44.85	10.13
15-10-19 02:15:00 AM	44.76	10.13
15-10-19 02:30:00 AM	44.6	10.1
15-10-19 02:45:00 AM	44.68	10.07
15-10-19 03:00:00 AM	44.6	10.06
15-10-19 03:15:00 AM	44.6	10.03
15-10-19 03:30:00 AM	44.6	10.03
15-10-19 03:45:00 AM	44.77	10.02
15-10-19 04:00:00 AM	44.6	10
15-10-19 04:15:00 AM	44.69	9.98
15-10-19 04:30:00 AM	44.69	9.98
15-10-19 04:45:00 AM	44.69	9.96
15-10-19 05:00:00 AM	44.77	9.95
15-10-19 05:15:00 AM	44.86	9.93
15-10-19 05:30:00 AM	44.78	9.89
15-10-19 05:45:00 AM	44.69	9.88
15-10-19 06:00:00 AM	44.36	9.88
15-10-19 06:15:00 AM	42.2	9.88
15-10-19 06:30:00 AM	42.36	9.89
15-10-19 06:45:00 AM	42.45	9.85
15-10-19 07:00:00 AM	42.36	9.82
15-10-19 07:15:00 AM	42.28	9.78
15-10-19 07:30:00 AM	42.28	9.78
15-10-19 07:45:00 AM	42.28	9.77
15-10-19 08:00:00 AM	42.28	9.75
15-10-19 08:15:00 AM	42.2	9.74
15-10-19 08:30:00 AM	42.12	9.75
15-10-19 08:45:00 AM	42.2	9.75
15-10-19 09:00:00 AM	42.37	9.78
15-10-19 09:15:00 AM	42.28	9.79
15-10-19 09:30:00 AM	42.12	9.79
15-10-19 09:45:00 AM	42.2	9.81
15-10-19 10:00:00 AM	42.44	9.95
15-10-19 10:15:00 AM	42.52	10.14
15-10-19 10:30:00 AM	42.76	10.31
15-10-19 10:45:00 AM	42.92	10.5
15-10-19 11:00:00 AM	43.24	10.62
15-10-19 11:15:00 AM	43.32	10.81
15-10-19 11:30:00 AM	43.56	10.95
15-10-19 11:45:00 AM	43.97	11.1
15-10-19 12:00:00 PM	44.05	11.28
15-10-19 12:15:00 PM	44.12	11.51
15-10-19 12:30:00 PM	44.61	11.59
15-10-19 12:45:00 PM	44.28	11.66
15-10-19 01:00:00 PM	44.6	11.8
15-10-19 01:15:00 PM	45.1	11.99
15-10-19 01:30:00 PM	44.92	12.18
15-10-19 01:45:00 PM	45.33	12.31
15-10-19 02:00:00 PM	45.33	12.4
15-10-19 02:15:00 PM	45.41	12.47
15-10-19 02:30:00 PM	45.82	12.54
15-10-19 02:45:00 PM	45.48	12.63
15-10-19 03:00:00 PM	45.73	12.63
15-10-19 03:15:00 PM	45.81	12.65
15-10-19 03:30:00 PM	45.73	12.62
15-10-19 03:45:00 PM	45.65	12.54
15-10-19 04:00:00 PM	45.82	12.41
15-10-19 04:15:00 PM	45.5	12.23
15-10-19 04:30:00 PM	45.1	11.92
15-10-19 04:45:00 PM	45.02	11.8
15-10-19 05:00:00 PM	45.02	11.73
15-10-19 05:15:00 PM	44.94	11.69
15-10-19 05:30:00 PM	44.78	11.61
15-10-19 05:45:00 PM	44.87	11.57
15-10-19 06:00:00 PM	44.95	11.52
15-10-19 06:15:00 PM	44.78	11.51
15-10-19 06:30:00 PM	44.7	11.5
15-10-19 06:45:00 PM	44.79	11.47
15-10-19 07:00:00 PM	45.2	11.43
15-10-19 07:15:00 PM	44.79	11.4
15-10-19 07:30:00 PM	44.79	11.34
15-10-19 07:45:00 PM	44.54	11.3
15-10-19 08:00:00 PM	44.46	11.24
15-10-19 08:15:00 PM	44.47	11.19
15-10-19 08:30:00 PM	44.39	11.13
15-10-19 08:45:00 PM	44.55	11.09
15-10-19 09:00:00 PM	44.22	11.03
15-10-19 09:15:00 PM	44.56	10.95
15-10-19 09:30:00 PM	44.23	10.89
15-10-19 09:45:00 PM	44.15	10.85
15-10-19 10:00:00 PM	44.23	10.81
15-10-19 10:15:00 PM	44.07	10.79
15-10-19 10:30:00 PM	44.24	10.76
15-10-19 10:45:00 PM	43.9	10.74
15-10-19 11:00:00 PM	44.07	10.68
15-10-19 11:15:00 PM	43.91	10.64
15-10-19 11:30:00 PM	44.08	10.6
15-10-19 11:45:00 PM	43.83	10.58
15-10-20 12:00:00 AM	43.91	10.55
15-10-20 12:15:00 AM	43.91	10.54
15-10-20 12:30:00 AM	44.08	10.54
15-10-20 12:45:00 AM	44	10.52
15-10-20 01:00:00 AM	43.92	10.51
15-10-20 01:15:00 AM	44.25	10.5
15-10-20 01:30:00 AM	44	10.48
15-10-20 01:45:00 AM	44	10.44
15-10-20 02:00:00 AM	44.09	10.41
15-10-20 02:15:00 AM	44	10.37
15-10-20 02:30:00 AM	44.34	10.37
15-10-20 02:45:00 AM	44.01	10.36
15-10-20 03:00:00 AM	43.84	10.33
15-10-20 03:15:00 AM	43.84	10.33
15-10-20 03:30:00 AM	43.84	10.31
15-10-20 03:45:00 AM	44.26	10.31
15-10-20 04:00:00 AM	43.92	10.3
15-10-20 04:15:00 AM	43.92	10.3
15-10-20 04:30:00 AM	43.92	10.31
15-10-20 04:45:00 AM	44.01	10.31
15-10-20 05:00:00 AM	44.17	10.33
15-10-20 05:15:00 AM	43.84	10.31
15-10-20 05:30:00 AM	43.92	10.31
15-10-20 05:45:00 AM	43.92	10.3
15-10-20 06:00:00 AM	44.17	10.29
15-10-20 06:15:00 AM	44.01	10.29
15-10-20 06:30:00 AM	43.76	10.26
15-10-20 06:45:00 AM	44.09	10.24
15-10-20 07:00:00 AM	43.84	10.24
15-10-20 07:15:00 AM	44.01	10.2
15-10-20 07:30:00 AM	44.18	10.2
15-10-20 07:45:00 AM	44.35	10.17
15-10-20 08:00:00 AM	44.1	10.2
15-10-20 08:15:00 AM	44.1	10.2
15-10-20 08:30:00 AM	44.01	10.22
15-10-20 08:45:00 AM	44.01	10.26
15-10-20 09:00:00 AM	44.51	10.3
15-10-20 09:15:00 AM	44.26	10.33
15-10-20 09:30:00 AM	44.34	10.34
15-10-20 09:45:00 AM	44.42	10.34
15-10-20 10:00:00 AM	44.34	10.37
15-10-20 10:15:00 AM	44.42	10.43
15-10-20 10:30:00 AM	44.58	10.5
15-10-20 10:45:00 AM	44.66	10.54
15-10-20 11:00:00 AM	44.73	10.79
15-10-20 11:15:00 AM	45.06	10.92
15-10-20 11:30:00 AM	44.8	11.07
15-10-20 11:45:00 AM	45.29	11.41
15-10-20 12:00:00 PM	45.95	11.55
15-10-20 12:15:00 PM	46.1	11.8
15-10-20 12:30:00 PM	46.1	11.86
15-10-20 12:45:00 PM	46.26	12.03
15-10-20 01:00:00 PM	46.58	12.18
15-10-20 01:15:00 PM	46.83	12.33
15-10-20 01:30:00 PM	46.99	12.44
15-10-20 01:45:00 PM	46.9	12.59
15-10-20 02:00:00 PM	47.14	12.69
15-10-20 02:15:00 PM	47.39	12.75
15-10-20 02:30:00 PM	47.38	12.85
15-10-20 02:45:00 PM	47.38	12.89
15-10-20 03:00:00 PM	47.63	12.92
15-10-20 03:15:00 PM	47.63	12.97
15-10-20 03:30:00 PM	47.71	12.96
15-10-20 03:45:00 PM	47.55	12.92
15-10-20 04:00:00 PM	47.71	12.89
15-10-20 04:15:00 PM	47.97	12.82
15-10-20 04:30:00 PM	47.73	12.62
15-10-20 04:45:00 PM	47.73	12.58
15-10-20 05:00:00 PM	47.48	12.52
15-10-20 05:15:00 PM	47.65	12.45
15-10-20 05:30:00 PM	47.49	12.4
15-10-20 05:45:00 PM	47.24	12.31
15-10-20 06:00:00 PM	47.33	12.21
15-10-20 06:15:00 PM	47.67	12.13
15-10-20 06:30:00 PM	47.34	12.03
15-10-20 06:45:00 PM	47.01	11.95
15-10-20 07:00:00 PM	46.85	11.85
15-10-20 07:15:00 PM	46.85	11.79
15-10-20 07:30:00 PM	46.94	11.71
15-10-20 07:45:00 PM	46.69	11.64
15-10-20 08:00:00 PM	46.86	11.57
15-10-20 08:15:00 PM	46.53	11.52
15-10-20 08:30:00 PM	46.7	11.48
15-10-20 08:45:00 PM	46.37	11.43
15-10-20 09:00:00 PM	46.54	11.41
15-10-20 09:15:00 PM	46.21	11.38
15-10-20 09:30:00 PM	46.46	11.35
15-10-20 09:45:00 PM	46.54	11.33
15-10-20 10:00:00 PM	46.38	11.28
15-10-20 10:15:00 PM	46.29	11.26
15-10-20 10:30:00 PM	46.21	11.23
15-10-20 10:45:00 PM	46.38	11.21
15-10-20 11:00:00 PM	46.3	11.2
15-10-20 11:15:00 PM	46.3	11.17
15-10-20 11:30:00 PM	46.55	11.16
15-10-20 11:45:00 PM	46.63	11.12
15-10-21 12:00:00 AM	46.3	11.1
15-10-21 12:15:00 AM	45.97	11.07
15-10-21 12:30:00 AM	46.22	11.03
15-10-21 12:45:00 AM	47.06	11
15-10-21 01:00:00 AM	45.89	10.97
15-10-21 01:15:00 AM	46.06	10.93
15-10-21 01:30:00 AM	46.98	10.92
15-10-21 01:45:00 AM	46.31	10.86
15-10-21 02:00:00 AM	46.31	10.83
15-10-21 02:15:00 AM	45.9	10.81
15-10-21 02:30:00 AM	46.32	10.76
15-10-21 02:45:00 AM	45.65	10.75
15-10-21 03:00:00 AM	46.4	10.71
15-10-21 03:15:00 AM	45.99	10.69
15-10-21 03:30:00 AM	45.99	10.68
15-10-21 03:45:00 AM	45.91	10.67
15-10-21 04:00:00 AM	45.82	10.65
15-10-21 04:15:00 AM	46.16	10.65
15-10-21 04:30:00 AM	45.66	10.64
15-10-21 04:45:00 AM	45.91	10.61
15-10-21 05:00:00 AM	45.99	10.6
15-10-21 05:15:00 AM	45.66	10.57
15-10-21 05:30:00 AM	45.91	10.55
15-10-21 05:45:00 AM	46.16	10.54
15-10-21 06:00:00 AM	45.41	10.52
15-10-21 06:15:00 AM	45.83	10.52
15-10-21 06:30:00 AM	46.16	10.48
15-10-21 06:45:00 AM	46.17	10.45
15-10-21 07:00:00 AM	46	10.44
15-10-21 07:15:00 AM	45.83	10.43
15-10-21 07:30:00 AM	45.58	10.41
15-10-21 07:45:00 AM	45.67	10.41
15-10-21 08:00:00 AM	46.42	10.4
15-10-21 08:15:00 AM	45.84	10.37
15-10-21 08:30:00 AM	45.75	10.37
15-10-21 08:45:00 AM	45.75	10.37
15-10-21 09:00:00 AM	45.92	10.4
15-10-21 09:15:00 AM	45.75	10.43
15-10-21 09:30:00 AM	45.75	10.44
15-10-21 09:45:00 AM	46.5	10.5
15-10-21 10:00:00 AM	46.57	10.64
15-10-21 10:15:00 AM	46.48	10.85
15-10-21 10:30:00 AM	46.97	11.03
15-10-21 10:45:00 AM	47.13	11.26
15-10-21 11:00:00 AM	47.37	11.51
15-10-21 11:15:00 AM	47.85	11.73
15-10-21 11:30:00 AM	47.76	11.9
15-10-21 11:45:00 AM	48.24	12.33
15-10-21 12:00:00 PM	48.56	12.65
15-10-21 12:15:00 PM	48.88	12.86
15-10-21 12:30:00 PM	49.46	13.01
15-10-21 12:45:00 PM	49.95	13.17
15-10-21 01:00:00 PM	49.35	13.41
15-10-21 01:15:00 PM	50.08	13.76
15-10-21 01:30:00 PM	50.73	14.13
15-10-21 01:45:00 PM	50.89	14.28
15-10-21 02:00:00 PM	51.47	14.35
15-10-21 02:15:00 PM	51.3	14.42
15-10-21 02:30:00 PM	51.88	14.42
15-10-21 02:45:00 PM	51.46	14.55
15-10-21 03:00:00 PM	51.86	14.79
15-10-21 03:15:00 PM	52.61	14.83
15-10-21 03:30:00 PM	51.94	14.83
15-10-21 03:45:00 PM	52.44	14.83
15-10-21 04:00:00 PM	52.11	14.77
15-10-21 04:15:00 PM	52.28	14.67
15-10-21 04:30:00 PM	51.79	14.44
15-10-21 04:45:00 PM	51.63	14.37
15-10-21 05:00:00 PM	51.8	14.37
15-10-21 05:15:00 PM	51.8	14.27
15-10-21 05:30:00 PM	51.32	14.04
15-10-21 05:45:00 PM	51.5	13.8
15-10-21 06:00:00 PM	51.08	13.72
15-10-21 06:15:00 PM	51.09	13.66
15-10-21 06:30:00 PM	51.09	13.58
15-10-21 06:45:00 PM	51.01	13.45
15-10-21 07:00:00 PM	50.86	13.28
15-10-21 07:15:00 PM	50.61	13.18
15-10-21 07:30:00 PM	50.62	13.08
15-10-21 07:45:00 PM	50.37	12.99
15-10-21 08:00:00 PM	50.46	12.92
15-10-21 08:15:00 PM	50.71	12.89
15-10-21 08:30:00 PM	50.63	12.87
15-10-21 08:45:00 PM	50.21	12.83
15-10-21 09:00:00 PM	50.13	12.78
15-10-21 09:15:00 PM	49.47	12.68
15-10-21 09:30:00 PM	49.81	12.58
15-10-21 09:45:00 PM	49.81	12.52
15-10-21 10:00:00 PM	49.98	12.51
15-10-21 10:15:00 PM	49.65	12.49
15-10-21 10:30:00 PM	50.15	12.49
15-10-21 10:45:00 PM	50.07	12.45
15-10-21 11:00:00 PM	49.99	12.38
15-10-21 11:15:00 PM	49.91	12.34
15-10-21 11:30:00 PM	49.74	12.3
15-10-21 11:45:00 PM	49.66	12.28
15-10-22 12:00:00 AM	49.91	12.25
15-10-22 12:15:00 AM	49.75	12.21
15-10-22 12:30:00 AM	50.58	12.18
15-10-22 12:45:00 AM	49.92	12.16
15-10-22 01:00:00 AM	49.83	12.13
15-10-22 01:15:00 AM	50.25	12.11
15-10-22 01:30:00 AM	49.67	12.1
15-10-22 01:45:00 AM	50.09	12.1
15-10-22 02:00:00 AM	50.34	12.07
15-10-22 02:15:00 AM	50.25	12.04
15-10-22 02:30:00 AM	50.51	12
15-10-22 02:45:00 AM	49.51	11.96
15-10-22 03:00:00 AM	49.84	11.93
15-10-22 03:15:00 AM	50.26	11.95
15-10-22 03:30:00 AM	50.26	11.93
15-10-22 03:45:00 AM	49.76	11.89
15-10-22 04:00:00 AM	49.6	11.83
15-10-22 04:15:00 AM	49.6	11.79
15-10-22 04:30:00 AM	49.85	11.76
15-10-22 04:45:00 AM	49.85	11.73
15-10-22 05:00:00 AM	49.77	11.69
15-10-22 05:15:00 AM	49.61	11.69
15-10-22 05:30:00 AM	50.02	11.68
15-10-22 05:45:00 AM	49.78	11.65
15-10-22 06:00:00 AM	49.61	11.65
15-10-22 06:15:00 AM	49.36	11.62
15-10-22 06:30:00 AM	49.44	11.62
15-10-22 06:45:00 AM	49.61	11.64
15-10-22 07:00:00 AM	49.44	11.64
15-10-22 07:15:00 AM	49.69	11.64
15-10-22 07:30:00 AM	49.61	11.66
15-10-22 07:45:00 AM	50.77	11.69
15-10-22 08:00:00 AM	49.61	11.71
15-10-22 08:15:00 AM	49.77	11.73
15-10-22 08:30:00 AM	49.6	11.82
15-10-22 08:45:00 AM	49.76	11.86
15-10-22 09:00:00 AM	50.01	11.92
15-10-22 09:15:00 AM	50.09	12
15-10-22 09:30:00 AM	50.5	12.06
15-10-22 09:45:00 AM	50.42	12.13
15-10-22 10:00:00 AM	50.25	12.17
15-10-22 10:15:00 AM	50.16	12.2
15-10-22 10:30:00 AM	50.41	12.25
15-10-22 10:45:00 AM	51.07	12.31
15-10-22 11:00:00 AM	50.9	12.37
15-10-22 11:15:00 AM	50.73	12.47
15-10-22 11:30:00 AM	51.15	12.55
15-10-22 11:45:00 AM	50.89	12.69
15-10-22 12:00:00 PM	51.21	12.9
15-10-22 12:15:00 PM	51.27	13.25
15-10-22 12:30:00 PM	51.61	13.31
15-10-22 12:45:00 PM	51.68	13.44
15-10-22 01:00:00 PM	51.77	13.31
15-10-22 01:15:00 PM	51.94	13.37
15-10-22 01:30:00 PM	51.68	13.38
15-10-22 01:45:00 PM	52.18	13.42
15-10-22 02:00:00 PM	52.09	13.56
15-10-22 02:15:00 PM	52.17	13.58
15-10-22 02:30:00 PM	52.51	13.52
15-10-22 02:45:00 PM	52.18	13.52
15-10-22 03:00:00 PM	52.1	13.44
15-10-22 03:15:00 PM	52.18	13.45
15-10-22 03:30:00 PM	52.35	13.46
15-10-22 03:45:00 PM	52.09	13.56
15-10-22 04:00:00 PM	52.43	13.49
15-10-22 04:15:00 PM	52.6	13.48
15-10-22 04:30:00 PM	52.1	13.39
15-10-22 04:45:00 PM	52.35	13.37
15-10-22 05:00:00 PM	52.19	13.37
15-10-22 05:15:00 PM	52.35	13.31
15-10-22 05:30:00 PM	52.77	13.28
15-10-22 05:45:00 PM	52.69	13.23
15-10-22 06:00:00 PM	52.78	13.14
15-10-22 06:15:00 PM	52.87	13.11
15-10-22 06:30:00 PM	52.78	13.1
15-10-22 06:45:00 PM	52.54	13.06
15-10-22 07:00:00 PM	52.12	12.97
15-10-22 07:15:00 PM	51.88	12.8
15-10-22 07:30:00 PM	51.55	12.71
15-10-22 07:45:00 PM	51.56	12.62
15-10-22 08:00:00 PM	51.4	12.55
15-10-22 08:15:00 PM	51.32	12.45
15-10-22 08:30:00 PM	51.4	12.4
15-10-22 08:45:00 PM	51.16	12.35
15-10-22 09:00:00 PM	51.08	12.3
15-10-22 09:15:00 PM	50.91	12.24
15-10-22 09:30:00 PM	51	12.17
15-10-22 09:45:00 PM	50.92	12.07
15-10-22 10:00:00 PM	50.67	12
15-10-22 10:15:00 PM	50.68	11.96
15-10-22 10:30:00 PM	50.6	11.9
15-10-22 10:45:00 PM	50.68	11.88
15-10-22 11:00:00 PM	50.68	11.85
15-10-22 11:15:00 PM	50.6	11.78
15-10-22 11:30:00 PM	50.36	11.72
15-10-22 11:45:00 PM	50.27	11.66
15-10-23 12:00:00 AM	50.19	11.59
15-10-23 12:15:00 AM	50.28	11.54
15-10-23 12:30:00 AM	50.2	11.5
15-10-23 12:45:00 AM	50.28	11.47
15-10-23 01:00:00 AM	50.12	11.44
15-10-23 01:15:00 AM	50.04	11.4
15-10-23 01:30:00 AM	50.12	11.35
15-10-23 01:45:00 AM	50.13	11.28
15-10-23 02:00:00 AM	49.96	11.21
15-10-23 02:15:00 AM	49.89	11.13
15-10-23 02:30:00 AM	49.89	11.03
15-10-23 02:45:00 AM	49.73	10.96
15-10-23 03:00:00 AM	49.73	10.86
15-10-23 03:15:00 AM	49.57	10.78
15-10-23 03:30:00 AM	49.41	10.71
15-10-23 03:45:00 AM	49.41	10.62
15-10-23 04:00:00 AM	49.41	10.58
15-10-23 04:15:00 AM	49.25	10.52
15-10-23 04:30:00 AM	49.17	10.5
15-10-23 04:45:00 AM	49.17	10.45
15-10-23 05:00:00 AM	49.09	10.43
15-10-23 05:15:00 AM	49.17	10.38
15-10-23 05:30:00 AM	48.92	10.34
15-10-23 05:45:00 AM	48.92	10.33
15-10-23 06:00:00 AM	49.01	10.3
15-10-23 06:15:00 AM	48.84	10.27
15-10-23 06:30:00 AM	48.85	10.24
15-10-23 06:45:00 AM	48.76	10.23
15-10-23 07:00:00 AM	48.93	10.23
15-10-23 07:15:00 AM	49.01	10.2
15-10-23 07:30:00 AM	48.93	10.17
15-10-23 07:45:00 AM	49.02	10.16
15-10-23 08:00:00 AM	48.85	10.19
15-10-23 08:15:00 AM	49.18	10.19
15-10-23 08:30:00 AM	48.85	10.17
15-10-23 08:45:00 AM	48.43	10.19
15-10-23 09:00:00 AM	48.26	10.2
15-10-23 09:15:00 AM	48.18	10.23
15-10-23 09:30:00 AM	47.93	10.24
15-10-23 09:45:00 AM	48.01	10.24
15-10-23 10:00:00 AM	47.26	10.34
15-10-23 10:15:00 AM	47.24	10.58
15-10-23 10:30:00 AM	47.15	10.76
15-10-23 10:45:00 AM	47.31	10.9
15-10-23 11:00:00 AM	47.39	11.05
15-10-23 11:15:00 AM	47.3	11.21
15-10-23 11:30:00 AM	47.21	11.31
15-10-23 11:45:00 AM	47.29	11.41
15-10-23 12:00:00 PM	47.36	11.55
15-10-23 12:15:00 PM	47.36	11.66
15-10-23 12:30:00 PM	47.35	11.75
15-10-23 12:45:00 PM	47.51	11.88
15-10-23 01:00:00 PM	47.68	11.9
15-10-23 01:15:00 PM	47.68	11.97
15-10-23 01:30:00 PM	47.51	11.97
15-10-23 01:45:00 PM	47.67	12.02
15-10-23 02:00:00 PM	47.51	12.02
15-10-23 02:15:00 PM	47.51	11.95
15-10-23 02:30:00 PM	47.43	11.92
15-10-23 02:45:00 PM	47.43	11.9
15-10-23 03:00:00 PM	47.43	11.89
15-10-23 03:15:00 PM	47.1	11.82
15-10-23 03:30:00 PM	47.02	11.75
15-10-23 03:45:00 PM	47.02	11.69
15-10-23 04:00:00 PM	46.86	11.62
15-10-23 04:15:00 PM	46.7	11.5
15-10-23 04:30:00 PM	46.55	11.17
15-10-23 04:45:00 PM	46.39	11.07
15-10-23 05:00:00 PM	46.31	11.02
15-10-23 05:15:00 PM	46.31	10.99
15-10-23 05:30:00 PM	46.14	10.99
15-10-23 05:45:00 PM	46.22	10.97
15-10-23 06:00:00 PM	46.14	10.97
15-10-23 06:15:00 PM	46.14	10.96
15-10-23 06:30:00 PM	46.23	10.92
15-10-23 06:45:00 PM	46.23	10.9
15-10-23 07:00:00 PM	46.06	10.89
15-10-23 07:15:00 PM	45.98	10.88
15-10-23 07:30:00 PM	45.98	10.86
15-10-23 07:45:00 PM	46.15	10.85
15-10-23 08:00:00 PM	45.9	10.83
15-10-23 08:15:00 PM	45.98	10.81
15-10-23 08:30:00 PM	45.9	10.78
15-10-23 08:45:00 PM	45.9	10.76
15-10-23 09:00:00 PM	45.82	10.72
15-10-23 09:15:00 PM	45.82	10.69
15-10-23 09:30:00 PM	45.82	10.68
15-10-23 09:45:00 PM	45.74	10.67
15-10-23 10:00:00 PM	45.74	10.64
15-10-23 10:15:00 PM	45.74	10.58
15-10-23 10:30:00 PM	45.75	10.55
15-10-23 10:45:00 PM	45.75	10.52
15-10-23 11:00:00 PM	45.66	10.51
15-10-23 11:15:00 PM	45.58	10.52
15-10-23 11:30:00 PM	45.66	10.52
15-10-23 11:45:00 PM	45.66	10.52
15-10-24 12:00:00 AM	45.75	10.51
15-10-24 12:15:00 AM	45.83	10.52
15-10-24 12:30:00 AM	45.83	10.52
15-10-24 12:45:00 AM	45.67	10.48
15-10-24 01:00:00 AM	45.58	10.45
15-10-24 01:15:00 AM	45.67	10.41
15-10-24 01:30:00 AM	45.59	10.4
15-10-24 01:45:00 AM	45.59	10.34
15-10-24 02:00:00 AM	45.42	10.31
15-10-24 02:15:00 AM	45.67	10.3
15-10-24 02:30:00 AM	45.43	10.27
15-10-24 02:45:00 AM	45.34	10.24
15-10-24 03:00:00 AM	45.51	10.23
15-10-24 03:15:00 AM	45.43	10.2
15-10-24 03:30:00 AM	45.26	10.19
15-10-24 03:45:00 AM	45.34	10.2
15-10-24 04:00:00 AM	45.35	10.13
15-10-24 04:15:00 AM	45.18	10.1
15-10-24 04:30:00 AM	45.27	10.09
15-10-24 04:45:00 AM	45.27	10.05
15-10-24 05:00:00 AM	44.94	10.03
15-10-24 05:15:00 AM	45.02	10
15-10-24 05:30:00 AM	44.85	10.02
15-10-24 05:45:00 AM	45.02	9.98
15-10-24 06:00:00 AM	44.94	9.96
15-10-24 06:15:00 AM	44.94	9.96
15-10-24 06:30:00 AM	44.86	9.95
15-10-24 06:45:00 AM	44.77	9.95
15-10-24 07:00:00 AM	44.86	9.93
15-10-24 07:15:00 AM	44.77	9.92
15-10-24 07:30:00 AM	44.86	9.91
15-10-24 07:45:00 AM	44.78	9.89
15-10-24 08:00:00 AM	44.69	9.88
15-10-24 08:15:00 AM	44.61	9.88
15-10-24 08:30:00 AM	44.61	9.88
15-10-24 08:45:00 AM	44.61	9.89
15-10-24 09:00:00 AM	44.69	9.93
15-10-24 09:15:00 AM	44.77	9.99
15-10-24 09:30:00 AM	44.52	10
15-10-24 09:45:00 AM	44.6	10.03
15-10-24 10:00:00 AM	44.6	10.12
15-10-24 10:15:00 AM	44.93	10.2
15-10-24 10:30:00 AM	44.76	10.2
15-10-24 10:45:00 AM	45.93	10.19
15-10-24 11:00:00 AM	44.93	10.23
15-10-24 11:15:00 AM	45.26	10.22
15-10-24 11:30:00 AM	44.68	10.22
15-10-24 11:45:00 AM	44.76	10.24
15-10-24 12:00:00 PM	45.01	10.27
15-10-24 12:15:00 PM	45.01	10.26
15-10-24 12:30:00 PM	45.17	10.33
15-10-24 12:45:00 PM	45.09	10.4
15-10-24 01:00:00 PM	45.42	10.47
15-10-24 01:15:00 PM	45.25	10.47
15-10-24 01:30:00 PM	45.41	10.51
15-10-24 01:45:00 PM	45.58	10.52
15-10-24 02:00:00 PM	45.58	10.51
15-10-24 02:15:00 PM	45.66	10.51
15-10-24 02:30:00 PM	45.66	10.51
15-10-24 02:45:00 PM	45.75	10.52
15-10-24 03:00:00 PM	45.75	10.54
15-10-24 03:15:00 PM	45.5	10.52
15-10-24 03:30:00 PM	45.5	10.52
15-10-24 03:45:00 PM	45.58	10.5
15-10-24 04:00:00 PM	45.67	10.48
15-10-24 04:15:00 PM	45.25	10.45
15-10-24 04:30:00 PM	45.25	10.45
15-10-24 04:45:00 PM	45.25	10.44
15-10-24 05:00:00 PM	45.08	10.45
15-10-24 05:15:00 PM	45.25	10.43
15-10-24 05:30:00 PM	45.25	10.43
15-10-24 05:45:00 PM	45.17	10.4
15-10-24 06:00:00 PM	45.34	10.38
15-10-24 06:15:00 PM	45.17	10.38
15-10-24 06:30:00 PM	45.5	10.4
15-10-24 06:45:00 PM	45.25	10.38
15-10-24 07:00:00 PM	45.25	10.38
15-10-24 07:15:00 PM	45.25	10.37
15-10-24 07:30:00 PM	45.17	10.37
15-10-24 07:45:00 PM	45.17	10.37
15-10-24 08:00:00 PM	45.25	10.37
15-10-24 08:15:00 PM	45.17	10.36
15-10-24 08:30:00 PM	45.17	10.37
15-10-24 08:45:00 PM	45.17	10.36
15-10-24 09:00:00 PM	43.51	10.36
15-10-24 09:15:00 PM	43.51	10.37
15-10-24 09:30:00 PM	43.42	10.36
15-10-24 09:45:00 PM	43.51	10.36
15-10-24 10:00:00 PM	43.51	10.37
15-10-24 10:15:00 PM	43.51	10.37
15-10-24 10:30:00 PM	43.51	10.36
15-10-24 10:45:00 PM	43.59	10.37
15-10-24 11:00:00 PM	43.67	10.36
15-10-24 11:15:00 PM	43.42	10.37
15-10-24 11:30:00 PM	43.51	10.36
15-10-24 11:45:00 PM	43.67	10.34
15-10-25 12:00:00 AM	43.67	10.34
15-10-25 12:15:00 AM	43.76	10.34
15-10-25 12:30:00 AM	43.76	10.34
15-10-25 12:45:00 AM	43.51	10.34
15-10-25 01:00:00 AM	43.67	10.34
15-10-25 01:15:00 AM	43.67	10.36
15-10-25 01:30:00 AM	43.51	10.34
15-10-25 01:45:00 AM	43.59	10.36
15-10-25 02:00:00 AM	43.42	10.36
15-10-25 02:15:00 AM	43.51	10.36
15-10-25 02:30:00 AM	43.51	10.36
15-10-25 02:45:00 AM	43.59	10.37
15-10-25 03:00:00 AM	43.59	10.37
15-10-25 03:15:00 AM	43.5	10.38
15-10-25 03:30:00 AM	43.75	10.4
15-10-25 03:45:00 AM	43.75	10.4
15-10-25 04:00:00 AM	43.75	10.41
15-10-25 04:15:00 AM	43.75	10.43
15-10-25 04:30:00 AM	43.83	10.44
15-10-25 04:45:00 AM	43.83	10.44
15-10-25 05:00:00 AM	43.92	10.45
15-10-25 05:15:00 AM	43.92	10.45
15-10-25 05:30:00 AM	43.83	10.47
15-10-25 05:45:00 AM	43.83	10.47
15-10-25 06:00:00 AM	44.08	10.48
15-10-25 06:15:00 AM	44.17	10.47
15-10-25 06:30:00 AM	44.17	10.47
15-10-25 06:45:00 AM	44.17	10.45
15-10-25 07:00:00 AM	44.08	10.45
15-10-25 07:15:00 AM	44.08	10.45
15-10-25 07:30:00 AM	44.08	10.45
15-10-25 07:45:00 AM	44.08	10.47
15-10-25 08:00:00 AM	44.17	10.48
15-10-25 08:15:00 AM	44.08	10.48
15-10-25 08:30:00 AM	44.08	10.51
15-10-25 08:45:00 AM	44.16	10.51
15-10-25 09:00:00 AM	44.16	10.52
15-10-25 09:15:00 AM	44.08	10.52
15-10-25 09:30:00 AM	44.33	10.55
15-10-25 09:45:00 AM	44.16	10.57
15-10-25 10:00:00 AM	44.25	10.54
15-10-25 10:15:00 AM	44.25	10.54
15-10-25 10:30:00 AM	44.16	10.54
15-10-25 10:45:00 AM	44.16	10.54
15-10-25 11:00:00 AM	44.16	10.55
15-10-25 11:15:00 AM	44.25	10.55
15-10-25 11:30:00 AM	44.16	10.61
15-10-25 11:45:00 AM	44.4	10.75
15-10-25 12:00:00 PM	44.32	10.74
15-10-25 12:15:00 PM	44.4	10.79
15-10-25 12:30:00 PM	44.4	10.74
15-10-25 12:45:00 PM	44.32	10.74
15-10-25 01:00:00 PM	44.4	10.83
15-10-25 01:15:00 PM	44.48	10.97
15-10-25 01:30:00 PM	44.72	11.13
15-10-25 01:45:00 PM	44.81	10.96
15-10-25 02:00:00 PM	44.64	10.96
15-10-25 02:15:00 PM	44.81	11.06
15-10-25 02:30:00 PM	44.72	11.07
15-10-25 02:45:00 PM	44.72	11.06
15-10-25 03:00:00 PM	44.65	10.92
15-10-25 03:15:00 PM	44.57	10.82
15-10-25 03:30:00 PM	44.57	10.72
15-10-25 03:45:00 PM	44.41	10.65
15-10-25 04:00:00 PM	44.41	10.6
15-10-25 04:15:00 PM	44.33	10.55
15-10-25 04:30:00 PM	44.33	10.54
15-10-25 04:45:00 PM	44.25	10.51
15-10-25 05:00:00 PM	44.25	10.47
15-10-25 05:15:00 PM	44.25	10.47
15-10-25 05:30:00 PM	44.25	10.43
15-10-25 05:45:00 PM	44.25	10.4
15-10-25 06:00:00 PM	44.26	10.36
15-10-25 06:15:00 PM	44.26	10.33
15-10-25 06:30:00 PM	44.17	10.3
15-10-25 06:45:00 PM	44.26	10.27
15-10-25 07:00:00 PM	44.26	10.24
15-10-25 07:15:00 PM	44.09	10.23
15-10-25 07:30:00 PM	44.09	10.23
15-10-25 07:45:00 PM	44.01	10.2
15-10-25 08:00:00 PM	44.01	10.19
15-10-25 08:15:00 PM	43.93	10.16
15-10-25 08:30:00 PM	43.93	10.14
15-10-25 08:45:00 PM	43.85	10.13
15-10-25 09:00:00 PM	43.85	10.1
15-10-25 09:15:00 PM	43.93	10.09
15-10-25 09:30:00 PM	43.94	10.06
15-10-25 09:45:00 PM	43.85	10.05
15-10-25 10:00:00 PM	43.85	10.03
15-10-25 10:15:00 PM	43.85	10.02
15-10-25 10:30:00 PM	43.85	10.02
15-10-25 10:45:00 PM	43.77	10
15-10-25 11:00:00 PM	43.85	10
15-10-25 11:15:00 PM	43.77	9.99
15-10-25 11:30:00 PM	43.69	9.95
15-10-25 11:45:00 PM	43.69	9.92
15-10-26 12:00:00 AM	43.69	9.92
15-10-26 12:15:00 AM	43.69	9.91
15-10-26 12:30:00 AM	43.69	9.92
15-10-26 12:45:00 AM	43.69	9.91
15-10-26 01:00:00 AM	43.69	9.89
15-10-26 01:15:00 AM	43.69	9.89
15-10-26 01:30:00 AM	43.69	9.88
15-10-26 01:45:00 AM	43.69	9.86
15-10-26 02:00:00 AM	43.61	9.85
15-10-26 02:15:00 AM	43.7	9.84
15-10-26 02:30:00 AM	43.61	9.81
15-10-26 02:45:00 AM	43.61	9.79
15-10-26 03:00:00 AM	43.62	9.77
15-10-26 03:15:00 AM	43.7	9.75
15-10-26 03:30:00 AM	43.62	9.75
15-10-26 03:45:00 AM	43.62	9.72
15-10-26 04:00:00 AM	43.53	9.71
15-10-26 04:15:00 AM	43.62	9.68
15-10-26 04:30:00 AM	43.54	9.67
15-10-26 04:45:00 AM	43.62	9.64
15-10-26 05:00:00 AM	43.62	9.61
15-10-26 05:15:00 AM	43.54	9.6
15-10-26 05:30:00 AM	43.46	9.58
15-10-26 05:45:00 AM	43.46	9.57
15-10-26 06:00:00 AM	43.46	9.54
15-10-26 06:15:00 AM	43.46	9.53
15-10-26 06:30:00 AM	43.46	9.54
15-10-26 06:45:00 AM	43.54	9.55
15-10-26 07:00:00 AM	43.54	9.57
15-10-26 07:15:00 AM	43.46	9.58
15-10-26 07:30:00 AM	43.46	9.57
15-10-26 07:45:00 AM	43.46	9.54
15-10-26 08:00:00 AM	43.29	9.53
15-10-26 08:15:00 AM	43.21	9.54
15-10-26 08:30:00 AM	43.21	9.54
15-10-26 08:45:00 AM	43.21	9.55
15-10-26 09:00:00 AM	43.21	9.55
15-10-26 09:15:00 AM	43.38	9.53
15-10-26 09:30:00 AM	43.38	9.53
15-10-26 09:45:00 AM	43.38	9.53
15-10-26 10:00:00 AM	43.46	9.61
15-10-26 10:15:00 AM	43.7	9.82
15-10-26 10:30:00 AM	43.35	10.02
15-10-26 10:45:00 AM	43.77	10.12
15-10-26 11:00:00 AM	44.26	10.24
15-10-26 11:15:00 AM	44.25	10.37
15-10-26 11:30:00 AM	44.42	10.47
15-10-26 11:45:00 AM	44.16	10.55
15-10-26 12:00:00 PM	44.91	10.64
15-10-26 12:15:00 PM	45.15	10.88
15-10-26 12:30:00 PM	45.22	11.17
15-10-26 12:45:00 PM	45.78	11.51
15-10-26 01:00:00 PM	46.18	11.86
15-10-26 01:15:00 PM	46.5	12.1
15-10-26 01:30:00 PM	46.5	12.25
15-10-26 01:45:00 PM	46.74	12.44
15-10-26 02:00:00 PM	47.23	12.56
15-10-26 02:15:00 PM	47.39	12.69
15-10-26 02:30:00 PM	47.64	12.76
15-10-26 02:45:00 PM	47.72	12.8
15-10-26 03:00:00 PM	47.72	12.78
15-10-26 03:15:00 PM	47.8	12.8
15-10-26 03:30:00 PM	47.89	12.73
15-10-26 03:45:00 PM	47.89	12.69
15-10-26 04:00:00 PM	47.89	12.59
15-10-26 04:15:00 PM	47.82	12.41
15-10-26 04:30:00 PM	47.67	12.18
15-10-26 04:45:00 PM	47.59	12.11
15-10-26 05:00:00 PM	47.42	12.02
15-10-26 05:15:00 PM	47.26	11.95
15-10-26 05:30:00 PM	47.26	11.86
15-10-26 05:45:00 PM	47.27	11.79
15-10-26 06:00:00 PM	47.19	11.73
15-10-26 06:15:00 PM	47.03	11.64
15-10-26 06:30:00 PM	47.03	11.54
15-10-26 06:45:00 PM	46.87	11.44
15-10-26 07:00:00 PM	46.79	11.38
15-10-26 07:15:00 PM	46.54	11.3
15-10-26 07:30:00 PM	46.47	11.16
15-10-26 07:45:00 PM	46.3	11.06
15-10-26 08:00:00 PM	46.14	10.93
15-10-26 08:15:00 PM	45.98	10.86
15-10-26 08:30:00 PM	45.98	10.81
15-10-26 08:45:00 PM	45.9	10.72
15-10-26 09:00:00 PM	45.82	10.65
15-10-26 09:15:00 PM	45.74	10.6
15-10-26 09:30:00 PM	45.74	10.57
15-10-26 09:45:00 PM	45.66	10.55
15-10-26 10:00:00 PM	45.5	10.54
15-10-26 10:15:00 PM	45.58	10.5
15-10-26 10:30:00 PM	45.5	10.45
15-10-26 10:45:00 PM	45.42	10.43
15-10-26 11:00:00 PM	45.34	10.41
15-10-26 11:15:00 PM	45.34	10.37
15-10-26 11:30:00 PM	45.42	10.36
15-10-26 11:45:00 PM	45.26	10.34
15-10-27 12:00:00 AM	45.17	10.3
15-10-27 12:15:00 AM	45.18	10.27
15-10-27 12:30:00 AM	45.26	10.26
15-10-27 12:45:00 AM	45.09	10.24
15-10-27 01:00:00 AM	45.18	10.22
15-10-27 01:15:00 AM	45.18	10.2
15-10-27 01:30:00 AM	45.18	10.19
15-10-27 01:45:00 AM	45.18	10.16
15-10-27 02:00:00 AM	45.1	10.12
15-10-27 02:15:00 AM	45.02	10.13
15-10-27 02:30:00 AM	44.85	10.07
15-10-27 02:45:00 AM	44.85	10.07
15-10-27 03:00:00 AM	44.94	10.02
15-10-27 03:15:00 AM	44.85	10
15-10-27 03:30:00 AM	44.86	9.98
15-10-27 03:45:00 AM	44.77	9.96
15-10-27 04:00:00 AM	44.77	9.92
15-10-27 04:15:00 AM	44.78	9.86
15-10-27 04:30:00 AM	44.7	9.84
15-10-27 04:45:00 AM	44.61	9.79
15-10-27 05:00:00 AM	44.53	9.79
15-10-27 05:15:00 AM	44.53	9.81
15-10-27 05:30:00 AM	44.53	9.78
15-10-27 05:45:00 AM	44.45	9.77
15-10-27 06:00:00 AM	44.37	9.74
15-10-27 06:15:00 AM	44.37	9.71
15-10-27 06:30:00 AM	44.37	9.69
15-10-27 06:45:00 AM	44.2	9.65
15-10-27 07:00:00 AM	44.29	9.61
15-10-27 07:15:00 AM	44.29	9.58
15-10-27 07:30:00 AM	44.21	9.54
15-10-27 07:45:00 AM	44.04	9.5
15-10-27 08:00:00 AM	43.96	9.5
15-10-27 08:15:00 AM	43.96	9.51
15-10-27 08:30:00 AM	43.88	9.54
15-10-27 08:45:00 AM	43.79	9.55
15-10-27 09:00:00 AM	43.71	9.55
15-10-27 09:15:00 AM	43.71	9.58
15-10-27 09:30:00 AM	43.62	9.6
15-10-27 09:45:00 AM	43.46	9.6
15-10-27 10:00:00 AM	43.46	9.62
15-10-27 10:15:00 AM	43.37	9.65
15-10-27 10:30:00 AM	43.7	9.67
15-10-27 10:45:00 AM	43.7	9.71
15-10-27 11:00:00 AM	43.78	9.72
15-10-27 11:15:00 AM	43.7	9.75
15-10-27 11:30:00 AM	43.86	9.78
15-10-27 11:45:00 AM	43.95	9.81
15-10-27 12:00:00 PM	43.94	9.88
15-10-27 12:15:00 PM	43.86	9.92
15-10-27 12:30:00 PM	44.02	9.96
15-10-27 12:45:00 PM	44.02	9.99
15-10-27 01:00:00 PM	44.19	10.05
15-10-27 01:15:00 PM	44.35	10.06
15-10-27 01:30:00 PM	44.43	10.13
15-10-27 01:45:00 PM	44.6	10.2
15-10-27 02:00:00 PM	44.51	10.19
15-10-27 02:15:00 PM	44.76	10.24
15-10-27 02:30:00 PM	44.84	10.22
15-10-27 02:45:00 PM	44.85	10.19
15-10-27 03:00:00 PM	45.1	10.19
15-10-27 03:15:00 PM	44.93	10.19
15-10-27 03:30:00 PM	45.1	10.19
15-10-27 03:45:00 PM	45.18	10.23
15-10-27 04:00:00 PM	45.59	10.23
15-10-27 04:15:00 PM	45.51	10.14
15-10-27 04:30:00 PM	45.6	10.13
15-10-27 04:45:00 PM	46.02	10.13
15-10-27 05:00:00 PM	45.85	10.13
15-10-27 05:15:00 PM	45.85	10.1
15-10-27 05:30:00 PM	46.27	10.06
15-10-27 05:45:00 PM	46.19	10.03
15-10-27 06:00:00 PM	46.27	10.02
15-10-27 06:15:00 PM	46.11	9.99
15-10-27 06:30:00 PM	45.85	9.99
15-10-27 06:45:00 PM	45.77	9.96
15-10-27 07:00:00 PM	45.77	9.96
15-10-27 07:15:00 PM	45.61	9.93
15-10-27 07:30:00 PM	45.61	9.92
15-10-27 07:45:00 PM	45.52	9.92
15-10-27 08:00:00 PM	45.53	9.89
15-10-27 08:15:00 PM	45.36	9.89
15-10-27 08:30:00 PM	45.28	9.89
15-10-27 08:45:00 PM	45.19	9.88
15-10-27 09:00:00 PM	45.28	9.86
15-10-27 09:15:00 PM	45.28	9.86
15-10-27 09:30:00 PM	45.28	9.86
15-10-27 09:45:00 PM	45.28	9.86
15-10-27 10:00:00 PM	45.28	9.88
15-10-27 10:15:00 PM	45.19	9.88
15-10-27 10:30:00 PM	45.28	9.88
15-10-27 10:45:00 PM	45.19	9.88
15-10-27 11:00:00 PM	45.28	9.88
15-10-27 11:15:00 PM	45.28	9.86
15-10-27 11:30:00 PM	45.28	9.86
15-10-27 11:45:00 PM	45.11	9.86
15-10-28 12:00:00 AM	45.03	9.86
15-10-28 12:15:00 AM	45.11	9.86
15-10-28 12:30:00 AM	45.03	9.85
15-10-28 12:45:00 AM	45.03	9.85
15-10-28 01:00:00 AM	45.03	9.85
15-10-28 01:15:00 AM	45.11	9.85
15-10-28 01:30:00 AM	45.19	9.85
15-10-28 01:45:00 AM	45.11	9.84
15-10-28 02:00:00 AM	45.11	9.85
15-10-28 02:15:00 AM	45.03	9.84
15-10-28 02:30:00 AM	45.11	9.84
15-10-28 02:45:00 AM	45.11	9.84
15-10-28 03:00:00 AM	45.2	9.82
15-10-28 03:15:00 AM	45.11	9.84
15-10-28 03:30:00 AM	45.03	9.82
15-10-28 03:45:00 AM	45.03	9.82
15-10-28 04:00:00 AM	45.03	9.82
15-10-28 04:15:00 AM	45.03	9.82
15-10-28 04:30:00 AM	45.28	9.82
15-10-28 04:45:00 AM	45.11	9.82
15-10-28 05:00:00 AM	44.95	9.82
15-10-28 05:15:00 AM	45.2	9.81
15-10-28 05:30:00 AM	45.86	9.81
15-10-28 05:45:00 AM	45.78	9.81
15-10-28 06:00:00 AM	46.03	9.81
15-10-28 06:15:00 AM	45.86	9.79
15-10-28 06:30:00 AM	45.45	9.81
15-10-28 06:45:00 AM	45.78	9.81
15-10-28 07:00:00 AM	45.86	9.81
15-10-28 07:15:00 AM	45.36	9.81
15-10-28 07:30:00 AM	45.95	9.79
15-10-28 07:45:00 AM	46.28	9.81
15-10-28 08:00:00 AM	46.03	9.81
15-10-28 08:15:00 AM	46.11	9.81
15-10-28 08:30:00 AM	46.28	9.82
15-10-28 08:45:00 AM	46.2	9.82
15-10-28 09:00:00 AM	46.7	9.84
15-10-28 09:15:00 AM	46.45	9.85
15-10-28 09:30:00 AM	46.03	9.85
15-10-28 09:45:00 AM	45.86	9.86
15-10-28 10:00:00 AM	45.44	9.86
15-10-28 10:15:00 AM	45.36	9.88
15-10-28 10:30:00 AM	45.44	9.89
15-10-28 10:45:00 AM	45.36	9.92
15-10-28 11:00:00 AM	45.86	9.93
15-10-28 11:15:00 AM	45.19	9.95
15-10-28 11:30:00 AM	45.27	9.96
15-10-28 11:45:00 AM	45.35	9.99
15-10-28 12:00:00 PM	45.27	10
15-10-28 12:15:00 PM	44.94	10.03
15-10-28 12:30:00 PM	45.27	10.07
15-10-28 12:45:00 PM	45.6	10.09
15-10-28 01:00:00 PM	45.68	10.09
15-10-28 01:15:00 PM	45.6	10.12
15-10-28 01:30:00 PM	45.76	10.16
15-10-28 01:45:00 PM	46.01	10.17
15-10-28 02:00:00 PM	46.93	10.2
15-10-28 02:15:00 PM	46.76	10.23
15-10-28 02:30:00 PM	46.59	10.24
15-10-28 02:45:00 PM	46.34	10.27
15-10-28 03:00:00 PM	46.42	10.3
15-10-28 03:15:00 PM	46.26	10.31
15-10-28 03:30:00 PM	46.17	10.34
15-10-28 03:45:00 PM	46.51	10.34
15-10-28 04:00:00 PM	46.17	10.37
15-10-28 04:15:00 PM	46.09	10.38
15-10-28 04:30:00 PM	46.25	10.4
15-10-28 04:45:00 PM	46	10.43
15-10-28 05:00:00 PM	45.67	10.45
15-10-28 05:15:00 PM	46.08	10.44
15-10-28 05:30:00 PM	45.58	10.47
15-10-28 05:45:00 PM	46	10.52
15-10-28 06:00:00 PM	46.83	10.6
15-10-28 06:15:00 PM	46.24	10.61
15-10-28 06:30:00 PM	46.66	10.62
15-10-28 06:45:00 PM	46.24	10.61
15-10-28 07:00:00 PM	46.07	10.64
15-10-28 07:15:00 PM	45.82	10.64
15-10-28 07:30:00 PM	45.99	10.64
15-10-28 07:45:00 PM	45.91	10.64
15-10-28 08:00:00 PM	45.91	10.65
15-10-28 08:15:00 PM	46.07	10.68
15-10-28 08:30:00 PM	46.16	10.69
15-10-28 08:45:00 PM	46.65	10.71
15-10-28 09:00:00 PM	45.82	10.72
15-10-28 09:15:00 PM	46.07	10.75
15-10-28 09:30:00 PM	45.98	10.78
15-10-28 09:45:00 PM	46.15	10.82
15-10-28 10:00:00 PM	46.15	10.86
15-10-28 10:15:00 PM	46.64	10.93
15-10-28 10:30:00 PM	46.72	11
15-10-28 10:45:00 PM	46.88	11.12
15-10-28 11:00:00 PM	46.38	11.16
15-10-28 11:15:00 PM	46.55	11.16
15-10-28 11:30:00 PM	46.63	11.17
15-10-28 11:45:00 PM	46.47	11.14
15-10-29 12:00:00 AM	46.39	11.07
15-10-29 12:15:00 AM	46.47	11.05
15-10-29 12:30:00 AM	46.47	11.07
15-10-29 12:45:00 AM	46.14	11.09
15-10-29 01:00:00 AM	46.47	11.09
15-10-29 01:15:00 AM	46.14	11.07
15-10-29 01:30:00 AM	46.3	11.07
15-10-29 01:45:00 AM	46.31	11.02
15-10-29 02:00:00 AM	46.47	11.02
15-10-29 02:15:00 AM	45.98	10.96
15-10-29 02:30:00 AM	45.81	10.95
15-10-29 02:45:00 AM	45.89	10.96
15-10-29 03:00:00 AM	45.64	10.97
15-10-29 03:15:00 AM	45.89	10.99
15-10-29 03:30:00 AM	45.97	11.02
15-10-29 03:45:00 AM	46.06	11.02
15-10-29 04:00:00 AM	46.31	11.02
15-10-29 04:15:00 AM	46.06	11.02
15-10-29 04:30:00 AM	45.81	11
15-10-29 04:45:00 AM	46.14	10.99
15-10-29 05:00:00 AM	45.64	10.99
15-10-29 05:15:00 AM	45.64	10.99
15-10-29 05:30:00 AM	45.89	10.97
15-10-29 05:45:00 AM	46.14	10.99
15-10-29 06:00:00 AM	45.56	10.97
15-10-29 06:15:00 AM	45.89	10.97
15-10-29 06:30:00 AM	46.06	10.97
15-10-29 06:45:00 AM	45.73	10.96
15-10-29 07:00:00 AM	45.56	10.95
15-10-29 07:15:00 AM	45.14	10.95
15-10-29 07:30:00 AM	45.64	10.93
15-10-29 07:45:00 AM	45.06	10.93
15-10-29 08:00:00 AM	45.39	10.93
15-10-29 08:15:00 AM	45.31	10.92
15-10-29 08:30:00 AM	45.23	10.93
15-10-29 08:45:00 AM	44.89	10.93
15-10-29 09:00:00 AM	45.06	10.93
15-10-29 09:15:00 AM	45.23	10.93
15-10-29 09:30:00 AM	44.73	10.92
15-10-29 09:45:00 AM	45.31	10.92
15-10-29 10:00:00 AM	44.73	10.92
15-10-29 10:15:00 AM	44.73	10.93
15-10-29 10:30:00 AM	44.73	10.92
15-10-29 10:45:00 AM	44.65	10.9
15-10-29 11:00:00 AM	44.48	10.89
15-10-29 11:15:00 AM	44.15	10.89